2026-01-20 15:18:39.030 [JavaFX Application Thread] INFO  com.saciar.SaciarApplication - Iniciando aplicação SACIAR...
2026-01-20 15:18:40.108 [JavaFX Application Thread] INFO  c.saciar.controller.MainController - View de clientes carregada
2026-01-20 15:18:40.108 [Thread-2] INFO  com.saciar.service.ClienteService - Buscando todos os clientes
2026-01-20 15:18:40.163 [Thread-2] INFO  com.saciar.service.HttpClient - GET http://localhost:8000/clientes
2026-01-20 15:18:40.225 [Thread-2] ERROR com.saciar.service.HttpClient - Erro na requisição GET /clientes: Failed to connect to localhost/127.0.0.1:8000
2026-01-20 15:18:40.286 [JavaFX Application Thread] WARN  com.saciar.SaciarApplication - Ícone não encontrado
2026-01-20 15:18:41.365 [JavaFX Application Thread] INFO  com.saciar.SaciarApplication - Aplicação iniciada com sucesso!
2026-01-20 15:24:24.931 [JavaFX Application Thread] INFO  com.saciar.SaciarApplication - Iniciando aplicação SACIAR...
2026-01-20 15:24:25.983 [Thread-2] INFO  com.saciar.service.ClienteService - Buscando todos os clientes
2026-01-20 15:24:25.983 [JavaFX Application Thread] INFO  c.saciar.controller.MainController - View de clientes carregada
2026-01-20 15:24:26.037 [Thread-2] INFO  com.saciar.service.HttpClient - GET http://localhost:8000/clientes
2026-01-20 15:24:26.120 [JavaFX Application Thread] WARN  com.saciar.SaciarApplication - Ícone não encontrado
2026-01-20 15:24:26.126 [Thread-2] ERROR com.saciar.service.HttpClient - Erro na requisição GET /clientes: Failed to connect to localhost/127.0.0.1:8000
2026-01-20 15:24:26.557 [JavaFX Application Thread] INFO  com.saciar.SaciarApplication - Aplicação iniciada com sucesso!
2026-01-20 15:32:33.965 [Thread-3] INFO  com.saciar.service.ClienteService - Buscando todos os clientes
2026-01-20 15:32:33.966 [Thread-3] INFO  com.saciar.service.HttpClient - GET http://localhost:8000/clientes
2026-01-20 15:32:33.969 [Thread-3] ERROR com.saciar.service.HttpClient - Erro na requisição GET /clientes: Failed to connect to localhost/127.0.0.1:8000
2026-01-20 15:32:33.970 [JavaFX Application Thread] INFO  c.saciar.controller.MainController - View de clientes carregada
2026-01-20 15:32:36.170 [Thread-4] INFO  com.saciar.service.ClienteService - Buscando todos os clientes
2026-01-20 15:32:36.171 [Thread-4] INFO  com.saciar.service.HttpClient - GET http://localhost:8000/clientes
2026-01-20 15:32:36.173 [JavaFX Application Thread] INFO  c.saciar.controller.MainController - View de clientes carregada
2026-01-20 15:32:36.173 [Thread-4] ERROR com.saciar.service.HttpClient - Erro na requisição GET /clientes: Failed to connect to localhost/127.0.0.1:8000
2026-01-20 15:32:48.191 [Thread-5] INFO  com.saciar.service.ClienteService - Buscando todos os clientes
2026-01-20 15:32:48.192 [Thread-5] INFO  com.saciar.service.HttpClient - GET http://localhost:8000/clientes
2026-01-20 15:32:48.194 [Thread-5] ERROR com.saciar.service.HttpClient - Erro na requisição GET /clientes: Failed to connect to localhost/127.0.0.1:8000
2026-01-20 15:32:48.194 [JavaFX Application Thread] INFO  c.saciar.controller.MainController - View de clientes carregada
2026-01-20 15:33:05.299 [Thread-6] INFO  com.saciar.service.ClienteService - Cadastrando cliente: Iago
2026-01-20 15:33:05.339 [Thread-6] INFO  com.saciar.service.HttpClient - POST http://localhost:8000/clientes
2026-01-20 15:33:05.342 [Thread-6] ERROR com.saciar.service.HttpClient - Erro na requisição POST /clientes: Failed to connect to localhost/127.0.0.1:8000
2026-01-20 15:36:05.736 [Thread-7] INFO  com.saciar.service.ClienteService - Cadastrando cliente: Iago
2026-01-20 15:36:05.740 [Thread-7] INFO  com.saciar.service.HttpClient - POST http://localhost:8000/clientes
2026-01-20 15:36:05.842 [Thread-7] INFO  com.saciar.service.HttpClient - Cache invalidado para: clientes
2026-01-20 15:36:05.917 [Thread-7] ERROR com.saciar.service.ClienteService - Erro ao converter cliente: Unrecognized field "qtd_gasta" (class com.saciar.model.Cliente), not marked as ignorable (5 known properties: "nome", "telefone", "id", "troco", "pontos"])
 at [Source: UNKNOWN; byte offset: #UNKNOWN] (through reference chain: com.saciar.model.Cliente["qtd_gasta"])
2026-01-20 15:38:59.609 [JavaFX Application Thread] INFO  com.saciar.SaciarApplication - Encerrando aplicação...
2026-01-20 15:39:07.415 [JavaFX Application Thread] INFO  com.saciar.SaciarApplication - Iniciando aplicação SACIAR...
2026-01-20 15:39:08.095 [Thread-2] INFO  com.saciar.service.ClienteService - Buscando todos os clientes
2026-01-20 15:39:08.095 [JavaFX Application Thread] INFO  c.saciar.controller.MainController - View de clientes carregada
2026-01-20 15:39:08.137 [Thread-2] INFO  com.saciar.service.HttpClient - GET http://localhost:8000/clientes
2026-01-20 15:39:08.210 [JavaFX Application Thread] WARN  com.saciar.SaciarApplication - Ícone não encontrado
2026-01-20 15:39:08.332 [Thread-2] ERROR com.saciar.service.ClienteService - Erro ao converter clientes: Unrecognized field "id" (class com.saciar.model.Cliente), not marked as ignorable (8 known properties: "updated_at", "qtd_gasta", "nome", "telefone", "troco", "pontos", "_id", "created_at"])
 at [Source: UNKNOWN; byte offset: #UNKNOWN] (through reference chain: java.util.ArrayList[0]->com.saciar.model.Cliente["id"])
2026-01-20 15:39:08.625 [JavaFX Application Thread] INFO  com.saciar.SaciarApplication - Aplicação iniciada com sucesso!
2026-01-20 15:40:00.595 [Thread-3] INFO  com.saciar.service.ClienteService - Cadastrando cliente: Iago
2026-01-20 15:40:00.603 [Thread-3] INFO  com.saciar.service.HttpClient - POST http://localhost:8000/clientes
2026-01-20 15:40:00.635 [Thread-3] ERROR com.saciar.service.HttpClient - Erro HTTP 403: {"detail":"Usuário já existe!"}
2026-01-20 15:44:34.502 [JavaFX Application Thread] INFO  com.saciar.SaciarApplication - Iniciando aplicação SACIAR...
2026-01-20 15:44:35.159 [JavaFX Application Thread] INFO  c.saciar.controller.MainController - View de clientes carregada
2026-01-20 15:44:35.158 [Thread-2] INFO  com.saciar.service.ClienteService - Buscando todos os clientes
2026-01-20 15:44:35.203 [Thread-2] INFO  com.saciar.service.HttpClient - GET http://localhost:8000/clientes
2026-01-20 15:44:35.277 [JavaFX Application Thread] WARN  com.saciar.SaciarApplication - Ícone não encontrado
2026-01-20 15:44:35.357 [Thread-2] ERROR com.saciar.service.ClienteService - Erro ao converter clientes: Unrecognized field "id" (class com.saciar.model.Cliente), not marked as ignorable (8 known properties: "updated_at", "qtd_gasta", "nome", "telefone", "troco", "pontos", "_id", "created_at"])
 at [Source: UNKNOWN; byte offset: #UNKNOWN] (through reference chain: java.util.ArrayList[0]->com.saciar.model.Cliente["id"])
2026-01-20 15:44:35.709 [JavaFX Application Thread] INFO  com.saciar.SaciarApplication - Aplicação iniciada com sucesso!
2026-01-20 15:44:52.585 [Thread-3] INFO  com.saciar.service.ClienteService - Cadastrando cliente: Iago
2026-01-20 15:44:52.596 [Thread-3] INFO  com.saciar.service.HttpClient - POST http://localhost:8000/clientes
2026-01-20 15:44:52.615 [Thread-3] ERROR com.saciar.service.HttpClient - Erro HTTP 403: {"detail":"Usuário já existe!"}
2026-01-20 15:45:18.176 [Thread-4] INFO  com.saciar.service.ClienteService - Buscando todos os clientes
2026-01-20 15:45:18.177 [Thread-4] INFO  com.saciar.service.HttpClient - GET http://localhost:8000/clientes
2026-01-20 15:45:18.178 [JavaFX Application Thread] INFO  c.saciar.controller.MainController - View de clientes carregada
2026-01-20 15:45:18.229 [Thread-4] ERROR com.saciar.service.ClienteService - Erro ao converter clientes: Unrecognized field "id" (class com.saciar.model.Cliente), not marked as ignorable (8 known properties: "updated_at", "qtd_gasta", "nome", "telefone", "troco", "pontos", "_id", "created_at"])
 at [Source: UNKNOWN; byte offset: #UNKNOWN] (through reference chain: java.util.ArrayList[0]->com.saciar.model.Cliente["id"])
2026-01-20 15:47:34.364 [Thread-5] INFO  com.saciar.service.ClienteService - Cadastrando cliente: TESTE
2026-01-20 15:47:34.367 [Thread-5] INFO  com.saciar.service.HttpClient - POST http://localhost:8000/clientes
2026-01-20 15:47:34.383 [Thread-5] INFO  com.saciar.service.HttpClient - Cache invalidado para: clientes
2026-01-20 15:47:34.387 [Thread-5] INFO  com.saciar.service.ClienteService - Cliente cadastrado com sucesso: ID 696fcdc674f059ba8cfef1d0
2026-01-20 15:47:36.299 [Thread-6] INFO  com.saciar.service.ClienteService - Buscando todos os clientes
2026-01-20 15:47:36.301 [Thread-6] INFO  com.saciar.service.HttpClient - GET http://localhost:8000/clientes
2026-01-20 15:47:36.314 [Thread-6] ERROR com.saciar.service.ClienteService - Erro ao converter clientes: Unrecognized field "id" (class com.saciar.model.Cliente), not marked as ignorable (8 known properties: "updated_at", "qtd_gasta", "nome", "telefone", "troco", "pontos", "_id", "created_at"])
 at [Source: UNKNOWN; byte offset: #UNKNOWN] (through reference chain: java.util.ArrayList[0]->com.saciar.model.Cliente["id"])
2026-01-20 15:49:09.639 [JavaFX Application Thread] INFO  com.saciar.SaciarApplication - Encerrando aplicação...
2026-01-20 15:49:25.754 [JavaFX Application Thread] INFO  com.saciar.SaciarApplication - Iniciando aplicação SACIAR...
2026-01-20 15:49:26.455 [JavaFX Application Thread] INFO  c.saciar.controller.MainController - View de clientes carregada
2026-01-20 15:49:26.455 [Thread-2] INFO  com.saciar.service.ClienteService - Buscando todos os clientes
2026-01-20 15:49:26.508 [Thread-2] INFO  com.saciar.service.HttpClient - GET http://localhost:8000/clientes
2026-01-20 15:49:26.595 [JavaFX Application Thread] WARN  com.saciar.SaciarApplication - Ícone não encontrado
2026-01-20 15:49:26.665 [Thread-2] INFO  com.saciar.service.ClienteService - 7 clientes encontrados
2026-01-20 15:49:27.009 [JavaFX Application Thread] INFO  com.saciar.SaciarApplication - Aplicação iniciada com sucesso!
2026-01-20 15:50:03.469 [Thread-3] INFO  com.saciar.service.ClienteService - Atualizando cliente: Iago 2
2026-01-20 15:50:03.486 [Thread-3] INFO  com.saciar.service.HttpClient - PUT http://localhost:8000/clientes/6927c1d12fcdaa064f826c99
2026-01-20 15:50:03.538 [Thread-3] INFO  com.saciar.service.HttpClient - Cache invalidado para: clientes
2026-01-20 15:50:03.539 [Thread-3] INFO  com.saciar.service.ClienteService - Cliente atualizado com sucesso
2026-01-20 15:50:04.792 [Thread-4] INFO  com.saciar.service.ClienteService - Buscando todos os clientes
2026-01-20 15:50:04.794 [Thread-4] INFO  com.saciar.service.HttpClient - GET http://localhost:8000/clientes
2026-01-20 15:50:04.807 [Thread-4] INFO  com.saciar.service.ClienteService - 7 clientes encontrados
2026-01-20 15:50:13.268 [Thread-5] INFO  com.saciar.service.ClienteService - Buscando clientes com query: Iago
2026-01-20 15:50:13.305 [Thread-5] INFO  com.saciar.service.HttpClient - GET http://localhost:8000/clientes/search?q=Iago
2026-01-20 15:50:13.316 [Thread-5] INFO  com.saciar.service.ClienteService - 4 clientes encontrados
2026-01-20 15:50:17.942 [Thread-6] INFO  com.saciar.service.ClienteService - Buscando clientes com query: 0
2026-01-20 15:50:17.943 [Thread-6] INFO  com.saciar.service.HttpClient - GET http://localhost:8000/clientes/search?q=0
2026-01-20 15:50:17.950 [Thread-6] INFO  com.saciar.service.ClienteService - 2 clientes encontrados
2026-01-20 15:50:19.982 [Thread-7] INFO  com.saciar.service.ClienteService - Buscando todos os clientes
2026-01-20 15:50:19.983 [Thread-7] INFO  com.saciar.service.HttpClient - Cache hit: /clientes
2026-01-20 15:50:19.985 [Thread-7] INFO  com.saciar.service.ClienteService - 7 clientes encontrados
2026-01-20 15:50:23.181 [Thread-8] INFO  com.saciar.service.ClienteService - Buscando clientes com query: Rebeca
2026-01-20 15:50:23.182 [Thread-8] INFO  com.saciar.service.HttpClient - GET http://localhost:8000/clientes/search?q=Rebeca
2026-01-20 15:50:23.192 [Thread-8] INFO  com.saciar.service.ClienteService - 1 clientes encontrados
2026-01-20 15:50:24.518 [Thread-9] INFO  com.saciar.service.ClienteService - Buscando todos os clientes
2026-01-20 15:50:24.518 [Thread-9] INFO  com.saciar.service.HttpClient - Cache hit: /clientes
2026-01-20 15:50:24.519 [Thread-9] INFO  com.saciar.service.ClienteService - 7 clientes encontrados
2026-01-20 15:52:36.708 [Thread-10] INFO  com.saciar.service.ClienteService - Removendo cliente ID: 6927c1d12fcdaa064f826c99
2026-01-20 15:52:36.709 [Thread-10] INFO  com.saciar.service.HttpClient - DELETE http://localhost:8000/clientes/6927c1d12fcdaa064f826c99
2026-01-20 15:52:36.753 [Thread-10] INFO  com.saciar.service.HttpClient - Cache invalidado para: clientes
2026-01-20 15:52:36.754 [Thread-10] INFO  com.saciar.service.ClienteService - Cliente removido com sucesso
2026-01-20 15:52:39.412 [Thread-11] INFO  com.saciar.service.ClienteService - Buscando todos os clientes
2026-01-20 15:52:39.413 [Thread-11] INFO  com.saciar.service.HttpClient - GET http://localhost:8000/clientes
2026-01-20 15:52:39.425 [Thread-11] INFO  com.saciar.service.ClienteService - 6 clientes encontrados
2026-01-20 15:52:50.570 [Thread-12] INFO  com.saciar.service.ClienteService - Atualizando cliente: Iago
2026-01-20 15:52:50.572 [Thread-12] INFO  com.saciar.service.HttpClient - PUT http://localhost:8000/clientes/696fcb1574f059ba8cfef1cf
2026-01-20 15:52:50.618 [Thread-12] INFO  com.saciar.service.HttpClient - Cache invalidado para: clientes
2026-01-20 15:52:50.618 [Thread-12] INFO  com.saciar.service.ClienteService - Cliente atualizado com sucesso
2026-01-20 15:52:51.692 [Thread-13] INFO  com.saciar.service.ClienteService - Buscando todos os clientes
2026-01-20 15:52:51.693 [Thread-13] INFO  com.saciar.service.HttpClient - GET http://localhost:8000/clientes
2026-01-20 15:52:51.730 [Thread-13] INFO  com.saciar.service.ClienteService - 6 clientes encontrados
2026-01-20 15:52:59.618 [Thread-14] INFO  com.saciar.service.ClienteService - Removendo cliente ID: 696fcb1574f059ba8cfef1cf
2026-01-20 15:52:59.618 [Thread-14] INFO  com.saciar.service.HttpClient - DELETE http://localhost:8000/clientes/696fcb1574f059ba8cfef1cf
2026-01-20 15:52:59.629 [Thread-14] INFO  com.saciar.service.HttpClient - Cache invalidado para: clientes
2026-01-20 15:52:59.630 [Thread-14] INFO  com.saciar.service.ClienteService - Cliente removido com sucesso
2026-01-20 15:53:00.635 [Thread-15] INFO  com.saciar.service.ClienteService - Buscando todos os clientes
2026-01-20 15:53:00.636 [Thread-15] INFO  com.saciar.service.HttpClient - GET http://localhost:8000/clientes
2026-01-20 15:53:00.650 [Thread-15] INFO  com.saciar.service.ClienteService - 5 clientes encontrados
2026-01-20 15:59:42.691 [JavaFX Application Thread] INFO  com.saciar.SaciarApplication - Iniciando aplicação SACIAR...
2026-01-20 15:59:43.421 [Thread-2] INFO  com.saciar.service.ClienteService - Buscando todos os clientes
2026-01-20 15:59:43.422 [JavaFX Application Thread] INFO  c.saciar.controller.MainController - View de clientes carregada
2026-01-20 15:59:43.467 [Thread-2] INFO  com.saciar.service.HttpClient - GET http://localhost:8000/clientes
2026-01-20 15:59:43.543 [JavaFX Application Thread] WARN  com.saciar.SaciarApplication - Ícone não encontrado
2026-01-20 15:59:43.633 [Thread-2] INFO  com.saciar.service.ClienteService - 5 clientes encontrados
2026-01-20 15:59:43.990 [JavaFX Application Thread] INFO  com.saciar.SaciarApplication - Aplicação iniciada com sucesso!
2026-01-20 16:03:50.597 [Thread-3] INFO  com.saciar.service.CompraService - Buscando todas as compras
2026-01-20 16:03:50.598 [Thread-3] INFO  com.saciar.service.HttpClient - GET http://localhost:8000/purchase
2026-01-20 16:03:50.603 [JavaFX Application Thread] INFO  c.saciar.controller.MainController - View de compras carregada
2026-01-20 16:03:50.672 [Thread-3] ERROR com.saciar.service.CompraService - Erro ao converter compras: Unrecognized field "is_delivery" (class com.saciar.model.Compra), not marked as ignorable (7 known properties: "pontosGanhos", "valor", "cliente", "id", "isDelivery", "telefone", "data"])
 at [Source: UNKNOWN; byte offset: #UNKNOWN] (through reference chain: java.util.ArrayList[0]->com.saciar.model.Compra["is_delivery"])
2026-01-20 16:03:52.226 [Thread-4] INFO  com.saciar.service.ResgateService - Buscando todos os resgates
2026-01-20 16:03:52.227 [Thread-5] INFO  com.saciar.service.ResgateService - Buscando prêmios disponíveis
2026-01-20 16:03:52.227 [Thread-4] INFO  com.saciar.service.HttpClient - GET http://localhost:8000/resgates
2026-01-20 16:03:52.228 [Thread-5] INFO  com.saciar.service.HttpClient - GET http://localhost:8000/premios
2026-01-20 16:03:52.230 [JavaFX Application Thread] INFO  c.saciar.controller.MainController - View de resgates carregada
2026-01-20 16:03:52.231 [Thread-4] ERROR com.saciar.service.HttpClient - Erro HTTP 404: {"detail":"Not Found"}
2026-01-20 16:03:52.233 [Thread-5] ERROR com.saciar.service.HttpClient - Erro HTTP 404: {"detail":"Not Found"}
2026-01-20 16:03:52.234 [Thread-5] INFO  c.s.controller.ResgateController - 0 prêmios carregados
2026-01-20 16:03:53.767 [Thread-6] INFO  com.saciar.service.CompraService - Buscando todas as compras
2026-01-20 16:03:53.768 [JavaFX Application Thread] INFO  c.saciar.controller.MainController - View de compras carregada
2026-01-20 16:03:53.768 [Thread-6] INFO  com.saciar.service.HttpClient - Cache hit: /purchase
2026-01-20 16:03:53.779 [Thread-6] ERROR com.saciar.service.CompraService - Erro ao converter compras: Unrecognized field "is_delivery" (class com.saciar.model.Compra), not marked as ignorable (7 known properties: "pontosGanhos", "valor", "cliente", "id", "isDelivery", "telefone", "data"])
 at [Source: UNKNOWN; byte offset: #UNKNOWN] (through reference chain: java.util.ArrayList[0]->com.saciar.model.Compra["is_delivery"])
2026-01-20 16:03:54.684 [Thread-7] INFO  com.saciar.service.ClienteService - Buscando todos os clientes
2026-01-20 16:03:54.685 [JavaFX Application Thread] INFO  c.saciar.controller.MainController - View de clientes carregada
2026-01-20 16:03:54.685 [Thread-7] INFO  com.saciar.service.HttpClient - GET http://localhost:8000/clientes
2026-01-20 16:03:54.702 [Thread-7] INFO  com.saciar.service.ClienteService - 5 clientes encontrados
2026-01-20 16:03:55.576 [Thread-8] INFO  com.saciar.service.CompraService - Buscando todas as compras
2026-01-20 16:03:55.577 [Thread-8] INFO  com.saciar.service.HttpClient - Cache hit: /purchase
2026-01-20 16:03:55.578 [JavaFX Application Thread] INFO  c.saciar.controller.MainController - View de compras carregada
2026-01-20 16:03:55.588 [Thread-8] ERROR com.saciar.service.CompraService - Erro ao converter compras: Unrecognized field "is_delivery" (class com.saciar.model.Compra), not marked as ignorable (7 known properties: "pontosGanhos", "valor", "cliente", "id", "isDelivery", "telefone", "data"])
 at [Source: UNKNOWN; byte offset: #UNKNOWN] (through reference chain: java.util.ArrayList[0]->com.saciar.model.Compra["is_delivery"])
2026-01-20 16:03:56.817 [Thread-9] INFO  com.saciar.service.ResgateService - Buscando todos os resgates
2026-01-20 16:03:56.817 [Thread-10] INFO  com.saciar.service.ResgateService - Buscando prêmios disponíveis
2026-01-20 16:03:56.818 [JavaFX Application Thread] INFO  c.saciar.controller.MainController - View de resgates carregada
2026-01-20 16:03:56.818 [Thread-10] INFO  com.saciar.service.HttpClient - GET http://localhost:8000/premios
2026-01-20 16:03:56.818 [Thread-9] INFO  com.saciar.service.HttpClient - GET http://localhost:8000/resgates
2026-01-20 16:03:56.824 [Thread-10] ERROR com.saciar.service.HttpClient - Erro HTTP 404: {"detail":"Not Found"}
2026-01-20 16:03:56.824 [Thread-10] INFO  c.s.controller.ResgateController - 0 prêmios carregados
2026-01-20 16:03:56.825 [Thread-9] ERROR com.saciar.service.HttpClient - Erro HTTP 404: {"detail":"Not Found"}
2026-01-20 16:04:00.898 [Thread-11] INFO  com.saciar.service.CompraService - Buscando todas as compras
2026-01-20 16:04:00.898 [Thread-11] INFO  com.saciar.service.HttpClient - Cache hit: /purchase
2026-01-20 16:04:00.898 [JavaFX Application Thread] INFO  c.saciar.controller.MainController - View de compras carregada
2026-01-20 16:04:00.907 [Thread-11] ERROR com.saciar.service.CompraService - Erro ao converter compras: Unrecognized field "is_delivery" (class com.saciar.model.Compra), not marked as ignorable (7 known properties: "pontosGanhos", "valor", "cliente", "id", "isDelivery", "telefone", "data"])
 at [Source: UNKNOWN; byte offset: #UNKNOWN] (through reference chain: java.util.ArrayList[0]->com.saciar.model.Compra["is_delivery"])
2026-01-20 16:04:02.484 [Thread-13] INFO  com.saciar.service.ResgateService - Buscando prêmios disponíveis
2026-01-20 16:04:02.484 [Thread-12] INFO  com.saciar.service.ResgateService - Buscando todos os resgates
2026-01-20 16:04:02.485 [JavaFX Application Thread] INFO  c.saciar.controller.MainController - View de resgates carregada
2026-01-20 16:04:02.485 [Thread-13] INFO  com.saciar.service.HttpClient - GET http://localhost:8000/premios
2026-01-20 16:04:02.485 [Thread-12] INFO  com.saciar.service.HttpClient - GET http://localhost:8000/resgates
2026-01-20 16:04:02.489 [Thread-13] ERROR com.saciar.service.HttpClient - Erro HTTP 404: {"detail":"Not Found"}
2026-01-20 16:04:02.490 [Thread-12] ERROR com.saciar.service.HttpClient - Erro HTTP 404: {"detail":"Not Found"}
2026-01-20 16:04:02.490 [Thread-13] INFO  c.s.controller.ResgateController - 0 prêmios carregados
2026-01-20 16:04:52.596 [Thread-14] INFO  com.saciar.service.CompraService - Buscando todas as compras
2026-01-20 16:04:52.596 [Thread-14] INFO  com.saciar.service.HttpClient - GET http://localhost:8000/purchase
2026-01-20 16:04:52.597 [JavaFX Application Thread] INFO  c.saciar.controller.MainController - View de compras carregada
2026-01-20 16:04:52.622 [Thread-14] ERROR com.saciar.service.CompraService - Erro ao converter compras: Unrecognized field "is_delivery" (class com.saciar.model.Compra), not marked as ignorable (7 known properties: "pontosGanhos", "valor", "cliente", "id", "isDelivery", "telefone", "data"])
 at [Source: UNKNOWN; byte offset: #UNKNOWN] (through reference chain: java.util.ArrayList[0]->com.saciar.model.Compra["is_delivery"])
2026-01-20 16:04:53.005 [Thread-15] INFO  com.saciar.service.ClienteService - Buscando todos os clientes
2026-01-20 16:04:53.006 [Thread-15] INFO  com.saciar.service.HttpClient - GET http://localhost:8000/clientes
2026-01-20 16:04:53.006 [JavaFX Application Thread] INFO  c.saciar.controller.MainController - View de clientes carregada
2026-01-20 16:04:53.025 [Thread-15] INFO  com.saciar.service.ClienteService - 5 clientes encontrados
2026-01-20 16:04:54.338 [Thread-16] INFO  com.saciar.service.ResgateService - Buscando todos os resgates
2026-01-20 16:04:54.338 [Thread-17] INFO  com.saciar.service.ResgateService - Buscando prêmios disponíveis
2026-01-20 16:04:54.339 [Thread-17] INFO  com.saciar.service.HttpClient - GET http://localhost:8000/premios
2026-01-20 16:04:54.339 [Thread-16] INFO  com.saciar.service.HttpClient - GET http://localhost:8000/resgates
2026-01-20 16:04:54.341 [JavaFX Application Thread] INFO  c.saciar.controller.MainController - View de resgates carregada
2026-01-20 16:04:54.343 [Thread-16] ERROR com.saciar.service.HttpClient - Erro HTTP 404: {"detail":"Not Found"}
2026-01-20 16:04:54.344 [Thread-17] ERROR com.saciar.service.HttpClient - Erro HTTP 404: {"detail":"Not Found"}
2026-01-20 16:04:54.345 [Thread-17] INFO  c.s.controller.ResgateController - 0 prêmios carregados
2026-01-20 16:20:53.221 [JavaFX Application Thread] INFO  com.saciar.SaciarApplication - Iniciando aplicação SACIAR...
2026-01-20 16:20:55.094 [JavaFX Application Thread] INFO  c.saciar.controller.MainController - View de clientes carregada
2026-01-20 16:20:55.094 [Thread-2] INFO  com.saciar.service.ClienteService - Buscando todos os clientes
2026-01-20 16:20:55.145 [Thread-2] INFO  com.saciar.service.HttpClient - GET http://localhost:8000/clientes
2026-01-20 16:20:55.222 [JavaFX Application Thread] WARN  com.saciar.SaciarApplication - Ícone não encontrado
2026-01-20 16:20:55.488 [Thread-2] INFO  com.saciar.service.ClienteService - 5 clientes encontrados
2026-01-20 16:20:56.239 [JavaFX Application Thread] INFO  com.saciar.SaciarApplication - Aplicação iniciada com sucesso!
2026-01-20 16:21:01.252 [Thread-3] INFO  com.saciar.service.CompraService - Buscando todas as compras
2026-01-20 16:21:01.253 [Thread-3] INFO  com.saciar.service.HttpClient - GET http://localhost:8000/purchase/
2026-01-20 16:21:01.260 [JavaFX Application Thread] INFO  c.saciar.controller.MainController - View de compras carregada
2026-01-20 16:21:01.284 [Thread-3] ERROR com.saciar.service.CompraService - Erro ao converter compras: Unrecognized field "created_at" (class com.saciar.model.Compra), not marked as ignorable (7 known properties: "valor", "is_delivery", "cliente", "id", "pontos_ganhos", "telefone", "data"])
 at [Source: UNKNOWN; byte offset: #UNKNOWN] (through reference chain: java.util.ArrayList[0]->com.saciar.model.Compra["created_at"])
2026-01-20 16:21:33.897 [Thread-4] INFO  com.saciar.service.CompraService - Buscando todas as compras
2026-01-20 16:21:33.898 [Thread-4] INFO  com.saciar.service.HttpClient - GET http://localhost:8000/purchase/
2026-01-20 16:21:33.900 [JavaFX Application Thread] INFO  c.saciar.controller.MainController - View de compras carregada
2026-01-20 16:21:33.921 [Thread-4] ERROR com.saciar.service.CompraService - Erro ao converter compras: Unrecognized field "created_at" (class com.saciar.model.Compra), not marked as ignorable (7 known properties: "valor", "is_delivery", "cliente", "id", "pontos_ganhos", "telefone", "data"])
 at [Source: UNKNOWN; byte offset: #UNKNOWN] (through reference chain: java.util.ArrayList[0]->com.saciar.model.Compra["created_at"])
2026-01-20 16:22:54.245 [JavaFX Application Thread] INFO  c.saciar.controller.MainController - View de compras carregada
2026-01-20 16:22:54.258 [Thread-5] INFO  com.saciar.service.CompraService - Buscando todas as compras
2026-01-20 16:22:54.259 [Thread-5] INFO  com.saciar.service.HttpClient - GET http://localhost:8000/purchase/
2026-01-20 16:22:54.421 [Thread-5] ERROR com.saciar.service.CompraService - Erro ao converter compras: Unrecognized field "created_at" (class com.saciar.model.Compra), not marked as ignorable (7 known properties: "valor", "is_delivery", "cliente", "id", "pontos_ganhos", "telefone", "data"])
 at [Source: UNKNOWN; byte offset: #UNKNOWN] (through reference chain: java.util.ArrayList[0]->com.saciar.model.Compra["created_at"])
2026-01-20 16:24:52.524 [Thread-6] INFO  com.saciar.service.CompraService - Buscando todas as compras
2026-01-20 16:24:52.524 [JavaFX Application Thread] INFO  c.saciar.controller.MainController - View de compras carregada
2026-01-20 16:24:52.529 [Thread-6] INFO  com.saciar.service.HttpClient - GET http://localhost:8000/purchase/
2026-01-20 16:24:52.566 [Thread-6] ERROR com.saciar.service.CompraService - Erro ao converter compras: Unrecognized field "created_at" (class com.saciar.model.Compra), not marked as ignorable (7 known properties: "valor", "is_delivery", "cliente", "id", "pontos_ganhos", "telefone", "data"])
 at [Source: UNKNOWN; byte offset: #UNKNOWN] (through reference chain: java.util.ArrayList[0]->com.saciar.model.Compra["created_at"])
2026-01-20 16:25:41.816 [Thread-7] INFO  com.saciar.service.CompraService - Buscando todas as compras
2026-01-20 16:25:41.817 [JavaFX Application Thread] INFO  c.saciar.controller.MainController - View de compras carregada
2026-01-20 16:25:41.823 [Thread-7] INFO  com.saciar.service.HttpClient - GET http://localhost:8000/purchase/
2026-01-20 16:25:41.899 [Thread-7] ERROR com.saciar.service.CompraService - Erro ao converter compras: Unrecognized field "created_at" (class com.saciar.model.Compra), not marked as ignorable (7 known properties: "valor", "is_delivery", "cliente", "id", "pontos_ganhos", "telefone", "data"])
 at [Source: UNKNOWN; byte offset: #UNKNOWN] (through reference chain: java.util.ArrayList[0]->com.saciar.model.Compra["created_at"])
2026-01-20 16:26:10.421 [Thread-8] INFO  com.saciar.service.ResgateService - Buscando todos os resgates
2026-01-20 16:26:10.421 [Thread-9] INFO  com.saciar.service.ResgateService - Buscando prêmios disponíveis
2026-01-20 16:26:10.421 [Thread-8] INFO  com.saciar.service.HttpClient - GET http://localhost:8000/redeems/
2026-01-20 16:26:10.422 [Thread-9] INFO  com.saciar.service.HttpClient - GET http://localhost:8000/premios/
2026-01-20 16:26:10.423 [JavaFX Application Thread] INFO  c.saciar.controller.MainController - View de resgates carregada
2026-01-20 16:26:10.458 [Thread-9] ERROR com.saciar.service.HttpClient - Erro HTTP 404: {"detail":"Not Found"}
2026-01-20 16:26:10.459 [Thread-9] INFO  c.s.controller.ResgateController - 0 prêmios carregados
2026-01-20 16:26:10.519 [Thread-8] INFO  com.saciar.service.ResgateService - 3 resgates encontrados
2026-01-20 16:28:16.542 [JavaFX Application Thread] INFO  com.saciar.SaciarApplication - Iniciando aplicação SACIAR...
2026-01-20 16:28:18.053 [Thread-2] INFO  com.saciar.service.ClienteService - Buscando todos os clientes
2026-01-20 16:28:18.054 [JavaFX Application Thread] INFO  c.saciar.controller.MainController - View de clientes carregada
2026-01-20 16:28:18.138 [Thread-2] INFO  com.saciar.service.HttpClient - GET http://localhost:8000/clientes
2026-01-20 16:28:18.317 [JavaFX Application Thread] WARN  com.saciar.SaciarApplication - Ícone não encontrado
2026-01-20 16:28:18.919 [Thread-2] INFO  com.saciar.service.ClienteService - 5 clientes encontrados
2026-01-20 16:28:19.369 [JavaFX Application Thread] INFO  com.saciar.SaciarApplication - Aplicação iniciada com sucesso!
2026-01-20 16:28:22.968 [Thread-3] INFO  com.saciar.service.ClienteService - Buscando todos os clientes
2026-01-20 16:28:22.969 [Thread-3] INFO  com.saciar.service.HttpClient - Cache hit: /clientes
2026-01-20 16:28:22.974 [JavaFX Application Thread] INFO  c.saciar.controller.MainController - View de clientes carregada
2026-01-20 16:28:22.981 [Thread-3] INFO  com.saciar.service.ClienteService - 5 clientes encontrados
2026-01-20 16:28:23.271 [Thread-4] INFO  com.saciar.service.CompraService - Buscando todas as compras
2026-01-20 16:28:23.272 [Thread-4] INFO  com.saciar.service.HttpClient - GET http://localhost:8000/purchase/
2026-01-20 16:28:23.275 [JavaFX Application Thread] INFO  c.saciar.controller.MainController - View de compras carregada
2026-01-20 16:28:23.320 [Thread-4] INFO  com.saciar.service.CompraService - 17 compras encontradas
2026-01-20 16:28:32.637 [Thread-5] INFO  com.saciar.service.ClienteService - Buscando todos os clientes
2026-01-20 16:28:32.637 [Thread-5] INFO  com.saciar.service.HttpClient - Cache hit: /clientes
2026-01-20 16:28:32.641 [JavaFX Application Thread] INFO  c.saciar.controller.MainController - View de clientes carregada
2026-01-20 16:28:32.648 [Thread-5] INFO  com.saciar.service.ClienteService - 5 clientes encontrados
2026-01-20 16:28:33.125 [Thread-6] INFO  com.saciar.service.CompraService - Buscando todas as compras
2026-01-20 16:28:33.126 [Thread-6] INFO  com.saciar.service.HttpClient - Cache hit: /purchase/
2026-01-20 16:28:33.127 [JavaFX Application Thread] INFO  c.saciar.controller.MainController - View de compras carregada
2026-01-20 16:28:33.137 [Thread-6] INFO  com.saciar.service.CompraService - 17 compras encontradas
2026-01-20 16:28:37.090 [Thread-7] INFO  com.saciar.service.ResgateService - Buscando todos os resgates
2026-01-20 16:28:37.091 [Thread-8] INFO  com.saciar.service.ResgateService - Buscando prêmios disponíveis
2026-01-20 16:28:37.091 [Thread-7] INFO  com.saciar.service.HttpClient - GET http://localhost:8000/redeems/
2026-01-20 16:28:37.092 [Thread-8] INFO  com.saciar.service.HttpClient - GET http://localhost:8000/premios/
2026-01-20 16:28:37.093 [JavaFX Application Thread] INFO  c.saciar.controller.MainController - View de resgates carregada
2026-01-20 16:28:37.098 [Thread-8] ERROR com.saciar.service.HttpClient - Erro HTTP 404: {"detail":"Not Found"}
2026-01-20 16:28:37.099 [Thread-8] INFO  c.s.controller.ResgateController - 0 prêmios carregados
2026-01-20 16:28:37.129 [Thread-7] INFO  com.saciar.service.ResgateService - 3 resgates encontrados
2026-01-20 16:28:38.588 [Thread-9] INFO  com.saciar.service.CompraService - Buscando todas as compras
2026-01-20 16:28:38.588 [Thread-9] INFO  com.saciar.service.HttpClient - Cache hit: /purchase/
2026-01-20 16:28:38.590 [JavaFX Application Thread] INFO  c.saciar.controller.MainController - View de compras carregada
2026-01-20 16:28:38.600 [Thread-9] INFO  com.saciar.service.CompraService - 17 compras encontradas
2026-01-20 16:30:16.879 [JavaFX Application Thread] INFO  com.saciar.SaciarApplication - Encerrando aplicação...
2026-01-20 16:30:33.792 [JavaFX Application Thread] INFO  com.saciar.SaciarApplication - Iniciando aplicação SACIAR...
2026-01-20 16:30:34.580 [JavaFX Application Thread] INFO  c.saciar.controller.MainController - View de clientes carregada
2026-01-20 16:30:34.580 [Thread-2] INFO  com.saciar.service.ClienteService - Buscando todos os clientes
2026-01-20 16:30:34.626 [Thread-2] INFO  com.saciar.service.HttpClient - GET http://localhost:8000/clientes
2026-01-20 16:30:34.698 [JavaFX Application Thread] WARN  com.saciar.SaciarApplication - Ícone não encontrado
2026-01-20 16:30:34.797 [Thread-2] INFO  com.saciar.service.ClienteService - 5 clientes encontrados
2026-01-20 16:30:35.154 [JavaFX Application Thread] INFO  com.saciar.SaciarApplication - Aplicação iniciada com sucesso!
2026-01-20 16:30:37.181 [Thread-3] INFO  com.saciar.service.CompraService - Buscando todas as compras
2026-01-20 16:30:37.182 [Thread-3] INFO  com.saciar.service.HttpClient - GET http://localhost:8000/purchase/
2026-01-20 16:30:37.185 [JavaFX Application Thread] INFO  c.saciar.controller.MainController - View de compras carregada
2026-01-20 16:30:37.206 [Thread-3] INFO  com.saciar.service.CompraService - 17 compras encontradas
2026-01-20 16:30:37.918 [Thread-4] INFO  com.saciar.service.ResgateService - Buscando todos os resgates
2026-01-20 16:30:37.919 [Thread-4] INFO  com.saciar.service.HttpClient - GET http://localhost:8000/redeems/
2026-01-20 16:30:37.919 [Thread-5] INFO  com.saciar.service.ResgateService - Buscando prêmios disponíveis
2026-01-20 16:30:37.920 [Thread-5] INFO  com.saciar.service.HttpClient - GET http://localhost:8000/premios/
2026-01-20 16:30:37.925 [JavaFX Application Thread] INFO  c.saciar.controller.MainController - View de resgates carregada
2026-01-20 16:30:37.960 [Thread-5] ERROR com.saciar.service.HttpClient - Erro HTTP 404: {"detail":"Not Found"}
2026-01-20 16:30:37.961 [Thread-5] INFO  c.s.controller.ResgateController - 0 prêmios carregados
2026-01-20 16:30:37.983 [Thread-4] INFO  com.saciar.service.ResgateService - 3 resgates encontrados
2026-01-20 16:30:38.374 [Thread-6] INFO  com.saciar.service.CompraService - Buscando todas as compras
2026-01-20 16:30:38.375 [Thread-6] INFO  com.saciar.service.HttpClient - Cache hit: /purchase/
2026-01-20 16:30:38.379 [JavaFX Application Thread] INFO  c.saciar.controller.MainController - View de compras carregada
2026-01-20 16:30:38.388 [Thread-6] INFO  com.saciar.service.CompraService - 17 compras encontradas
2026-01-20 16:30:40.696 [Thread-7] INFO  com.saciar.service.ResgateService - Buscando todos os resgates
2026-01-20 16:30:40.696 [Thread-8] INFO  com.saciar.service.ResgateService - Buscando prêmios disponíveis
2026-01-20 16:30:40.697 [Thread-7] INFO  com.saciar.service.HttpClient - Cache hit: /redeems/
2026-01-20 16:30:40.697 [Thread-8] INFO  com.saciar.service.HttpClient - GET http://localhost:8000/premios/
2026-01-20 16:30:40.700 [JavaFX Application Thread] INFO  c.saciar.controller.MainController - View de resgates carregada
2026-01-20 16:30:40.701 [Thread-8] ERROR com.saciar.service.HttpClient - Erro HTTP 404: {"detail":"Not Found"}
2026-01-20 16:30:40.702 [Thread-8] INFO  c.s.controller.ResgateController - 0 prêmios carregados
2026-01-20 16:30:40.705 [Thread-7] INFO  com.saciar.service.ResgateService - 3 resgates encontrados
2026-01-20 16:30:41.443 [Thread-9] INFO  com.saciar.service.ClienteService - Buscando todos os clientes
2026-01-20 16:30:41.444 [Thread-9] INFO  com.saciar.service.HttpClient - Cache hit: /clientes
2026-01-20 16:30:41.445 [JavaFX Application Thread] INFO  c.saciar.controller.MainController - View de clientes carregada
2026-01-20 16:30:41.450 [Thread-9] INFO  com.saciar.service.ClienteService - 5 clientes encontrados
2026-01-20 16:30:42.144 [Thread-10] INFO  com.saciar.service.CompraService - Buscando todas as compras
2026-01-20 16:30:42.145 [Thread-10] INFO  com.saciar.service.HttpClient - Cache hit: /purchase/
2026-01-20 16:30:42.147 [JavaFX Application Thread] INFO  c.saciar.controller.MainController - View de compras carregada
2026-01-20 16:30:42.152 [Thread-10] INFO  com.saciar.service.CompraService - 17 compras encontradas
2026-01-20 16:30:42.993 [Thread-12] INFO  com.saciar.service.ResgateService - Buscando prêmios disponíveis
2026-01-20 16:30:42.993 [Thread-11] INFO  com.saciar.service.ResgateService - Buscando todos os resgates
2026-01-20 16:30:42.994 [Thread-12] INFO  com.saciar.service.HttpClient - GET http://localhost:8000/premios/
2026-01-20 16:30:42.994 [Thread-11] INFO  com.saciar.service.HttpClient - Cache hit: /redeems/
2026-01-20 16:30:42.997 [Thread-12] ERROR com.saciar.service.HttpClient - Erro HTTP 404: {"detail":"Not Found"}
2026-01-20 16:30:42.997 [JavaFX Application Thread] INFO  c.saciar.controller.MainController - View de resgates carregada
2026-01-20 16:30:42.997 [Thread-12] INFO  c.s.controller.ResgateController - 0 prêmios carregados
2026-01-20 16:30:43.000 [Thread-11] INFO  com.saciar.service.ResgateService - 3 resgates encontrados
2026-01-20 16:30:43.613 [Thread-13] INFO  com.saciar.service.CompraService - Buscando todas as compras
2026-01-20 16:30:43.613 [Thread-13] INFO  com.saciar.service.HttpClient - Cache hit: /purchase/
2026-01-20 16:30:43.615 [JavaFX Application Thread] INFO  c.saciar.controller.MainController - View de compras carregada
2026-01-20 16:30:43.625 [Thread-13] INFO  com.saciar.service.CompraService - 17 compras encontradas
2026-01-20 16:30:43.963 [Thread-14] INFO  com.saciar.service.ClienteService - Buscando todos os clientes
2026-01-20 16:30:43.964 [Thread-14] INFO  com.saciar.service.HttpClient - Cache hit: /clientes
2026-01-20 16:30:43.965 [JavaFX Application Thread] INFO  c.saciar.controller.MainController - View de clientes carregada
2026-01-20 16:30:43.974 [Thread-14] INFO  com.saciar.service.ClienteService - 5 clientes encontrados
2026-01-20 16:30:45.748 [Thread-15] INFO  com.saciar.service.ResgateService - Buscando todos os resgates
2026-01-20 16:30:45.749 [Thread-16] INFO  com.saciar.service.ResgateService - Buscando prêmios disponíveis
2026-01-20 16:30:45.749 [Thread-15] INFO  com.saciar.service.HttpClient - Cache hit: /redeems/
2026-01-20 16:30:45.750 [Thread-16] INFO  com.saciar.service.HttpClient - GET http://localhost:8000/premios/
2026-01-20 16:30:45.751 [JavaFX Application Thread] INFO  c.saciar.controller.MainController - View de resgates carregada
2026-01-20 16:30:45.754 [Thread-16] ERROR com.saciar.service.HttpClient - Erro HTTP 404: {"detail":"Not Found"}
2026-01-20 16:30:45.755 [Thread-16] INFO  c.s.controller.ResgateController - 0 prêmios carregados
2026-01-20 16:30:45.756 [Thread-15] INFO  com.saciar.service.ResgateService - 3 resgates encontrados
2026-01-20 16:30:46.227 [Thread-17] INFO  com.saciar.service.CompraService - Buscando todas as compras
2026-01-20 16:30:46.228 [Thread-17] INFO  com.saciar.service.HttpClient - Cache hit: /purchase/
2026-01-20 16:30:46.230 [JavaFX Application Thread] INFO  c.saciar.controller.MainController - View de compras carregada
2026-01-20 16:30:46.238 [Thread-17] INFO  com.saciar.service.CompraService - 17 compras encontradas
2026-01-20 16:30:47.137 [Thread-18] INFO  com.saciar.service.ClienteService - Buscando todos os clientes
2026-01-20 16:30:47.137 [Thread-18] INFO  com.saciar.service.HttpClient - Cache hit: /clientes
2026-01-20 16:30:47.139 [JavaFX Application Thread] INFO  c.saciar.controller.MainController - View de clientes carregada
2026-01-20 16:30:47.145 [Thread-18] INFO  com.saciar.service.ClienteService - 5 clientes encontrados
2026-01-20 16:30:47.678 [Thread-19] INFO  com.saciar.service.CompraService - Buscando todas as compras
2026-01-20 16:30:47.679 [Thread-19] INFO  com.saciar.service.HttpClient - Cache hit: /purchase/
2026-01-20 16:30:47.679 [JavaFX Application Thread] INFO  c.saciar.controller.MainController - View de compras carregada
2026-01-20 16:30:47.689 [Thread-19] INFO  com.saciar.service.CompraService - 17 compras encontradas
2026-01-20 16:30:47.923 [Thread-21] INFO  com.saciar.service.ResgateService - Buscando prêmios disponíveis
2026-01-20 16:30:47.923 [Thread-20] INFO  com.saciar.service.ResgateService - Buscando todos os resgates
2026-01-20 16:30:47.924 [JavaFX Application Thread] INFO  c.saciar.controller.MainController - View de resgates carregada
2026-01-20 16:30:47.924 [Thread-21] INFO  com.saciar.service.HttpClient - GET http://localhost:8000/premios/
2026-01-20 16:30:47.924 [Thread-20] INFO  com.saciar.service.HttpClient - Cache hit: /redeems/
2026-01-20 16:30:47.928 [Thread-21] ERROR com.saciar.service.HttpClient - Erro HTTP 404: {"detail":"Not Found"}
2026-01-20 16:30:47.929 [Thread-21] INFO  c.s.controller.ResgateController - 0 prêmios carregados
2026-01-20 16:30:47.931 [Thread-20] INFO  com.saciar.service.ResgateService - 3 resgates encontrados
2026-01-20 16:30:48.377 [Thread-22] INFO  com.saciar.service.ClienteService - Buscando todos os clientes
2026-01-20 16:30:48.377 [Thread-22] INFO  com.saciar.service.HttpClient - Cache hit: /clientes
2026-01-20 16:30:48.378 [JavaFX Application Thread] INFO  c.saciar.controller.MainController - View de clientes carregada
2026-01-20 16:30:48.383 [Thread-22] INFO  com.saciar.service.ClienteService - 5 clientes encontrados
2026-01-20 16:30:48.687 [Thread-23] INFO  com.saciar.service.CompraService - Buscando todas as compras
2026-01-20 16:30:48.687 [Thread-23] INFO  com.saciar.service.HttpClient - Cache hit: /purchase/
2026-01-20 16:30:48.688 [JavaFX Application Thread] INFO  c.saciar.controller.MainController - View de compras carregada
2026-01-20 16:30:48.697 [Thread-23] INFO  com.saciar.service.CompraService - 17 compras encontradas
2026-01-20 16:30:49.862 [Thread-24] INFO  com.saciar.service.ResgateService - Buscando todos os resgates
2026-01-20 16:30:49.862 [Thread-25] INFO  com.saciar.service.ResgateService - Buscando prêmios disponíveis
2026-01-20 16:30:49.863 [Thread-24] INFO  com.saciar.service.HttpClient - Cache hit: /redeems/
2026-01-20 16:30:49.863 [Thread-25] INFO  com.saciar.service.HttpClient - GET http://localhost:8000/premios/
2026-01-20 16:30:49.864 [JavaFX Application Thread] INFO  c.saciar.controller.MainController - View de resgates carregada
2026-01-20 16:30:49.869 [Thread-25] ERROR com.saciar.service.HttpClient - Erro HTTP 404: {"detail":"Not Found"}
2026-01-20 16:30:49.869 [Thread-25] INFO  c.s.controller.ResgateController - 0 prêmios carregados
2026-01-20 16:30:49.873 [Thread-24] INFO  com.saciar.service.ResgateService - 3 resgates encontrados
2026-01-20 16:30:51.413 [Thread-26] INFO  com.saciar.service.ClienteService - Buscando todos os clientes
2026-01-20 16:30:51.414 [JavaFX Application Thread] INFO  c.saciar.controller.MainController - View de clientes carregada
2026-01-20 16:30:51.414 [Thread-26] INFO  com.saciar.service.HttpClient - Cache hit: /clientes
2026-01-20 16:30:51.420 [Thread-26] INFO  com.saciar.service.ClienteService - 5 clientes encontrados
2026-01-20 16:30:52.893 [Thread-27] INFO  com.saciar.service.CompraService - Buscando todas as compras
2026-01-20 16:30:52.894 [Thread-27] INFO  com.saciar.service.HttpClient - Cache hit: /purchase/
2026-01-20 16:30:52.895 [JavaFX Application Thread] INFO  c.saciar.controller.MainController - View de compras carregada
2026-01-20 16:30:52.899 [Thread-27] INFO  com.saciar.service.CompraService - 17 compras encontradas
2026-01-20 16:30:53.327 [Thread-28] INFO  com.saciar.service.ClienteService - Buscando todos os clientes
2026-01-20 16:30:53.328 [Thread-28] INFO  com.saciar.service.HttpClient - Cache hit: /clientes
2026-01-20 16:30:53.329 [JavaFX Application Thread] INFO  c.saciar.controller.MainController - View de clientes carregada
2026-01-20 16:30:53.335 [Thread-28] INFO  com.saciar.service.ClienteService - 5 clientes encontrados
2026-01-20 16:30:53.809 [Thread-29] INFO  com.saciar.service.CompraService - Buscando todas as compras
2026-01-20 16:30:53.810 [Thread-29] INFO  com.saciar.service.HttpClient - Cache hit: /purchase/
2026-01-20 16:30:53.811 [JavaFX Application Thread] INFO  c.saciar.controller.MainController - View de compras carregada
2026-01-20 16:30:53.816 [Thread-29] INFO  com.saciar.service.CompraService - 17 compras encontradas
2026-01-20 16:30:55.212 [Thread-30] INFO  com.saciar.service.ClienteService - Buscando todos os clientes
2026-01-20 16:30:55.213 [Thread-30] INFO  com.saciar.service.HttpClient - Cache hit: /clientes
2026-01-20 16:30:55.213 [JavaFX Application Thread] INFO  c.saciar.controller.MainController - View de clientes carregada
2026-01-20 16:30:55.218 [Thread-30] INFO  com.saciar.service.ClienteService - 5 clientes encontrados
2026-01-20 16:30:56.886 [Thread-31] INFO  com.saciar.service.CompraService - Buscando todas as compras
2026-01-20 16:30:56.886 [Thread-31] INFO  com.saciar.service.HttpClient - Cache hit: /purchase/
2026-01-20 16:30:56.887 [JavaFX Application Thread] INFO  c.saciar.controller.MainController - View de compras carregada
2026-01-20 16:30:56.893 [Thread-31] INFO  com.saciar.service.CompraService - 17 compras encontradas
2026-01-20 16:30:57.597 [Thread-32] INFO  com.saciar.service.ClienteService - Buscando todos os clientes
2026-01-20 16:30:57.597 [Thread-32] INFO  com.saciar.service.HttpClient - Cache hit: /clientes
2026-01-20 16:30:57.598 [JavaFX Application Thread] INFO  c.saciar.controller.MainController - View de clientes carregada
2026-01-20 16:30:57.603 [Thread-32] INFO  com.saciar.service.ClienteService - 5 clientes encontrados
2026-01-20 16:30:58.440 [Thread-33] INFO  com.saciar.service.CompraService - Buscando todas as compras
2026-01-20 16:30:58.441 [JavaFX Application Thread] INFO  c.saciar.controller.MainController - View de compras carregada
2026-01-20 16:30:58.441 [Thread-33] INFO  com.saciar.service.HttpClient - Cache hit: /purchase/
2026-01-20 16:30:58.447 [Thread-33] INFO  com.saciar.service.CompraService - 17 compras encontradas
2026-01-20 16:30:59.175 [Thread-34] INFO  com.saciar.service.ClienteService - Buscando todos os clientes
2026-01-20 16:30:59.176 [Thread-34] INFO  com.saciar.service.HttpClient - Cache hit: /clientes
2026-01-20 16:30:59.177 [JavaFX Application Thread] INFO  c.saciar.controller.MainController - View de clientes carregada
2026-01-20 16:30:59.182 [Thread-34] INFO  com.saciar.service.ClienteService - 5 clientes encontrados
2026-01-20 16:31:00.343 [Thread-35] INFO  com.saciar.service.CompraService - Buscando todas as compras
2026-01-20 16:31:00.343 [Thread-35] INFO  com.saciar.service.HttpClient - Cache hit: /purchase/
2026-01-20 16:31:00.343 [JavaFX Application Thread] INFO  c.saciar.controller.MainController - View de compras carregada
2026-01-20 16:31:00.349 [Thread-35] INFO  com.saciar.service.CompraService - 17 compras encontradas
2026-01-20 16:31:01.262 [Thread-36] INFO  com.saciar.service.ClienteService - Buscando todos os clientes
2026-01-20 16:31:01.262 [Thread-36] INFO  com.saciar.service.HttpClient - Cache hit: /clientes
2026-01-20 16:31:01.263 [JavaFX Application Thread] INFO  c.saciar.controller.MainController - View de clientes carregada
2026-01-20 16:31:01.268 [Thread-36] INFO  com.saciar.service.ClienteService - 5 clientes encontrados
2026-01-20 16:31:02.300 [Thread-37] INFO  com.saciar.service.CompraService - Buscando todas as compras
2026-01-20 16:31:02.301 [Thread-37] INFO  com.saciar.service.HttpClient - Cache hit: /purchase/
2026-01-20 16:31:02.301 [JavaFX Application Thread] INFO  c.saciar.controller.MainController - View de compras carregada
2026-01-20 16:31:02.309 [Thread-37] INFO  com.saciar.service.CompraService - 17 compras encontradas
2026-01-20 16:31:03.856 [Thread-38] INFO  com.saciar.service.ClienteService - Buscando todos os clientes
2026-01-20 16:31:03.856 [Thread-38] INFO  com.saciar.service.HttpClient - Cache hit: /clientes
2026-01-20 16:31:03.857 [JavaFX Application Thread] INFO  c.saciar.controller.MainController - View de clientes carregada
2026-01-20 16:31:03.861 [Thread-38] INFO  com.saciar.service.ClienteService - 5 clientes encontrados
2026-01-20 16:31:04.241 [Thread-39] INFO  com.saciar.service.ResgateService - Buscando todos os resgates
2026-01-20 16:31:04.241 [Thread-40] INFO  com.saciar.service.ResgateService - Buscando prêmios disponíveis
2026-01-20 16:31:04.242 [JavaFX Application Thread] INFO  c.saciar.controller.MainController - View de resgates carregada
2026-01-20 16:31:04.242 [Thread-39] INFO  com.saciar.service.HttpClient - Cache hit: /redeems/
2026-01-20 16:31:04.242 [Thread-40] INFO  com.saciar.service.HttpClient - GET http://localhost:8000/premios/
2026-01-20 16:31:04.245 [Thread-39] INFO  com.saciar.service.ResgateService - 3 resgates encontrados
2026-01-20 16:31:04.255 [Thread-40] ERROR com.saciar.service.HttpClient - Erro HTTP 404: {"detail":"Not Found"}
2026-01-20 16:31:04.255 [Thread-40] INFO  c.s.controller.ResgateController - 0 prêmios carregados
2026-01-20 16:31:04.660 [Thread-41] INFO  com.saciar.service.CompraService - Buscando todas as compras
2026-01-20 16:31:04.660 [Thread-41] INFO  com.saciar.service.HttpClient - Cache hit: /purchase/
2026-01-20 16:31:04.661 [JavaFX Application Thread] INFO  c.saciar.controller.MainController - View de compras carregada
2026-01-20 16:31:04.666 [Thread-41] INFO  com.saciar.service.CompraService - 17 compras encontradas
2026-01-20 16:31:05.132 [Thread-42] INFO  com.saciar.service.ClienteService - Buscando todos os clientes
2026-01-20 16:31:05.133 [Thread-42] INFO  com.saciar.service.HttpClient - GET http://localhost:8000/clientes
2026-01-20 16:31:05.133 [JavaFX Application Thread] INFO  c.saciar.controller.MainController - View de clientes carregada
2026-01-20 16:31:05.148 [Thread-42] INFO  com.saciar.service.ClienteService - 5 clientes encontrados
2026-01-20 16:31:11.028 [Thread-43] INFO  com.saciar.service.CompraService - Buscando todas as compras
2026-01-20 16:31:11.028 [Thread-43] INFO  com.saciar.service.HttpClient - GET http://localhost:8000/purchase/
2026-01-20 16:31:11.029 [JavaFX Application Thread] INFO  c.saciar.controller.MainController - View de compras carregada
2026-01-20 16:31:11.045 [Thread-43] INFO  com.saciar.service.CompraService - 17 compras encontradas
2026-01-20 16:31:11.411 [Thread-44] INFO  com.saciar.service.ResgateService - Buscando todos os resgates
2026-01-20 16:31:11.420 [Thread-45] INFO  com.saciar.service.ResgateService - Buscando prêmios disponíveis
2026-01-20 16:31:11.420 [Thread-44] INFO  com.saciar.service.HttpClient - GET http://localhost:8000/redeems/
2026-01-20 16:31:11.420 [Thread-45] INFO  com.saciar.service.HttpClient - GET http://localhost:8000/premios/
2026-01-20 16:31:11.421 [JavaFX Application Thread] INFO  c.saciar.controller.MainController - View de resgates carregada
2026-01-20 16:31:11.425 [Thread-45] ERROR com.saciar.service.HttpClient - Erro HTTP 404: {"detail":"Not Found"}
2026-01-20 16:31:11.426 [Thread-45] INFO  c.s.controller.ResgateController - 0 prêmios carregados
2026-01-20 16:31:11.436 [Thread-44] INFO  com.saciar.service.ResgateService - 3 resgates encontrados
2026-01-20 16:31:12.235 [Thread-46] INFO  com.saciar.service.ClienteService - Buscando todos os clientes
2026-01-20 16:31:12.235 [Thread-46] INFO  com.saciar.service.HttpClient - Cache hit: /clientes
2026-01-20 16:31:12.236 [JavaFX Application Thread] INFO  c.saciar.controller.MainController - View de clientes carregada
2026-01-20 16:31:12.240 [Thread-46] INFO  com.saciar.service.ClienteService - 5 clientes encontrados
2026-01-20 16:31:12.703 [Thread-47] INFO  com.saciar.service.CompraService - Buscando todas as compras
2026-01-20 16:31:12.703 [Thread-47] INFO  com.saciar.service.HttpClient - Cache hit: /purchase/
2026-01-20 16:31:12.704 [JavaFX Application Thread] INFO  c.saciar.controller.MainController - View de compras carregada
2026-01-20 16:31:12.708 [Thread-47] INFO  com.saciar.service.CompraService - 17 compras encontradas
2026-01-20 16:31:13.240 [Thread-48] INFO  com.saciar.service.ResgateService - Buscando todos os resgates
2026-01-20 16:31:13.240 [Thread-49] INFO  com.saciar.service.ResgateService - Buscando prêmios disponíveis
2026-01-20 16:31:13.241 [Thread-48] INFO  com.saciar.service.HttpClient - Cache hit: /redeems/
2026-01-20 16:31:13.241 [Thread-49] INFO  com.saciar.service.HttpClient - GET http://localhost:8000/premios/
2026-01-20 16:31:13.242 [JavaFX Application Thread] INFO  c.saciar.controller.MainController - View de resgates carregada
2026-01-20 16:31:13.243 [Thread-48] INFO  com.saciar.service.ResgateService - 3 resgates encontrados
2026-01-20 16:31:13.244 [Thread-49] ERROR com.saciar.service.HttpClient - Erro HTTP 404: {"detail":"Not Found"}
2026-01-20 16:31:13.245 [Thread-49] INFO  c.s.controller.ResgateController - 0 prêmios carregados
2026-01-20 16:31:18.985 [Thread-50] INFO  com.saciar.service.CompraService - Buscando todas as compras
2026-01-20 16:31:18.986 [Thread-50] INFO  com.saciar.service.HttpClient - Cache hit: /purchase/
2026-01-20 16:31:18.986 [JavaFX Application Thread] INFO  c.saciar.controller.MainController - View de compras carregada
2026-01-20 16:31:18.996 [Thread-50] INFO  com.saciar.service.CompraService - 17 compras encontradas
2026-01-20 16:31:19.534 [Thread-51] INFO  com.saciar.service.ClienteService - Buscando todos os clientes
2026-01-20 16:31:19.535 [Thread-51] INFO  com.saciar.service.HttpClient - Cache hit: /clientes
2026-01-20 16:31:19.536 [JavaFX Application Thread] INFO  c.saciar.controller.MainController - View de clientes carregada
2026-01-20 16:31:19.541 [Thread-51] INFO  com.saciar.service.ClienteService - 5 clientes encontrados
2026-01-20 16:33:30.256 [JavaFX Application Thread] INFO  com.saciar.SaciarApplication - Encerrando aplicação...
2026-01-20 16:33:37.491 [JavaFX Application Thread] INFO  com.saciar.SaciarApplication - Iniciando aplicação SACIAR...
2026-01-20 16:33:38.392 [JavaFX Application Thread] INFO  c.saciar.controller.MainController - View de clientes carregada
2026-01-20 16:33:38.392 [Thread-2] INFO  com.saciar.service.ClienteService - Buscando todos os clientes
2026-01-20 16:33:38.436 [Thread-2] INFO  com.saciar.service.HttpClient - GET http://localhost:8000/clientes
2026-01-20 16:33:38.520 [JavaFX Application Thread] WARN  com.saciar.SaciarApplication - Ícone não encontrado
2026-01-20 16:33:38.619 [Thread-2] INFO  com.saciar.service.ClienteService - 5 clientes encontrados
2026-01-20 16:33:39.016 [JavaFX Application Thread] INFO  com.saciar.SaciarApplication - Aplicação iniciada com sucesso!
2026-01-20 16:33:53.799 [Thread-3] INFO  com.saciar.service.CompraService - Buscando todas as compras
2026-01-20 16:33:53.800 [Thread-3] INFO  com.saciar.service.HttpClient - GET http://localhost:8000/purchase/
2026-01-20 16:33:53.803 [JavaFX Application Thread] INFO  c.saciar.controller.MainController - View de compras carregada
2026-01-20 16:33:53.842 [Thread-3] INFO  com.saciar.service.CompraService - 17 compras encontradas
2026-01-20 16:33:54.254 [Thread-4] INFO  com.saciar.service.ResgateService - Buscando todos os resgates
2026-01-20 16:33:54.254 [Thread-5] INFO  com.saciar.service.ResgateService - Buscando prêmios disponíveis
2026-01-20 16:33:54.254 [Thread-4] INFO  com.saciar.service.HttpClient - GET http://localhost:8000/redeems/
2026-01-20 16:33:54.254 [Thread-5] INFO  com.saciar.service.HttpClient - GET http://localhost:8000/premios/
2026-01-20 16:33:54.258 [Thread-5] ERROR com.saciar.service.HttpClient - Erro HTTP 404: {"detail":"Not Found"}
2026-01-20 16:33:54.259 [Thread-5] INFO  c.s.controller.ResgateController - 0 prêmios carregados
2026-01-20 16:33:54.261 [JavaFX Application Thread] INFO  c.saciar.controller.MainController - View de resgates carregada
2026-01-20 16:33:54.297 [Thread-4] INFO  com.saciar.service.ResgateService - 3 resgates encontrados
2026-01-20 16:33:55.010 [Thread-6] INFO  com.saciar.service.ClienteService - Buscando todos os clientes
2026-01-20 16:33:55.010 [Thread-6] INFO  com.saciar.service.HttpClient - Cache hit: /clientes
2026-01-20 16:33:55.011 [JavaFX Application Thread] INFO  c.saciar.controller.MainController - View de clientes carregada
2026-01-20 16:33:55.019 [Thread-6] INFO  com.saciar.service.ClienteService - 5 clientes encontrados
2026-01-20 16:33:55.392 [Thread-7] INFO  com.saciar.service.CompraService - Buscando todas as compras
2026-01-20 16:33:55.392 [Thread-7] INFO  com.saciar.service.HttpClient - Cache hit: /purchase/
2026-01-20 16:33:55.393 [JavaFX Application Thread] INFO  c.saciar.controller.MainController - View de compras carregada
2026-01-20 16:33:55.401 [Thread-7] INFO  com.saciar.service.CompraService - 17 compras encontradas
2026-01-20 16:33:55.984 [Thread-8] INFO  com.saciar.service.ResgateService - Buscando todos os resgates
2026-01-20 16:33:55.984 [Thread-9] INFO  com.saciar.service.ResgateService - Buscando prêmios disponíveis
2026-01-20 16:33:55.984 [Thread-8] INFO  com.saciar.service.HttpClient - Cache hit: /redeems/
2026-01-20 16:33:55.984 [Thread-9] INFO  com.saciar.service.HttpClient - GET http://localhost:8000/premios/
2026-01-20 16:33:55.986 [JavaFX Application Thread] INFO  c.saciar.controller.MainController - View de resgates carregada
2026-01-20 16:33:55.987 [Thread-9] ERROR com.saciar.service.HttpClient - Erro HTTP 404: {"detail":"Not Found"}
2026-01-20 16:33:55.988 [Thread-9] INFO  c.s.controller.ResgateController - 0 prêmios carregados
2026-01-20 16:33:55.990 [Thread-8] INFO  com.saciar.service.ResgateService - 3 resgates encontrados
2026-01-20 16:34:50.944 [Thread-10] INFO  com.saciar.service.CompraService - Buscando todas as compras
2026-01-20 16:34:50.945 [Thread-10] INFO  com.saciar.service.HttpClient - GET http://localhost:8000/purchase/
2026-01-20 16:34:50.946 [JavaFX Application Thread] INFO  c.saciar.controller.MainController - View de compras carregada
2026-01-20 16:34:50.963 [Thread-10] INFO  com.saciar.service.CompraService - 17 compras encontradas
2026-01-20 16:34:51.634 [Thread-11] INFO  com.saciar.service.ClienteService - Buscando todos os clientes
2026-01-20 16:34:51.635 [Thread-11] INFO  com.saciar.service.HttpClient - GET http://localhost:8000/clientes
2026-01-20 16:34:51.636 [JavaFX Application Thread] INFO  c.saciar.controller.MainController - View de clientes carregada
2026-01-20 16:34:51.650 [Thread-11] INFO  com.saciar.service.ClienteService - 5 clientes encontrados
2026-01-20 16:34:52.159 [Thread-12] INFO  com.saciar.service.CompraService - Buscando todas as compras
2026-01-20 16:34:52.160 [Thread-12] INFO  com.saciar.service.HttpClient - Cache hit: /purchase/
2026-01-20 16:34:52.161 [JavaFX Application Thread] INFO  c.saciar.controller.MainController - View de compras carregada
2026-01-20 16:34:52.170 [Thread-12] INFO  com.saciar.service.CompraService - 17 compras encontradas
2026-01-20 16:35:19.454 [Thread-13] INFO  com.saciar.service.ResgateService - Buscando todos os resgates
2026-01-20 16:35:19.454 [Thread-14] INFO  com.saciar.service.ResgateService - Buscando prêmios disponíveis
2026-01-20 16:35:19.455 [JavaFX Application Thread] INFO  c.saciar.controller.MainController - View de resgates carregada
2026-01-20 16:35:19.455 [Thread-13] INFO  com.saciar.service.HttpClient - GET http://localhost:8000/redeems/
2026-01-20 16:35:19.455 [Thread-14] INFO  com.saciar.service.HttpClient - GET http://localhost:8000/premios/
2026-01-20 16:35:19.460 [Thread-14] ERROR com.saciar.service.HttpClient - Erro HTTP 404: {"detail":"Not Found"}
2026-01-20 16:35:19.461 [Thread-14] INFO  c.s.controller.ResgateController - 0 prêmios carregados
2026-01-20 16:35:19.487 [Thread-13] INFO  com.saciar.service.ResgateService - 3 resgates encontrados
2026-01-20 16:35:20.613 [Thread-15] INFO  com.saciar.service.CompraService - Buscando todas as compras
2026-01-20 16:35:20.614 [Thread-15] INFO  com.saciar.service.HttpClient - Cache hit: /purchase/
2026-01-20 16:35:20.615 [JavaFX Application Thread] INFO  c.saciar.controller.MainController - View de compras carregada
2026-01-20 16:35:20.623 [Thread-15] INFO  com.saciar.service.CompraService - 17 compras encontradas
2026-01-20 16:35:43.212 [Thread-16] INFO  com.saciar.service.ResgateService - Buscando todos os resgates
2026-01-20 16:35:43.212 [Thread-17] INFO  com.saciar.service.ResgateService - Buscando prêmios disponíveis
2026-01-20 16:35:43.214 [JavaFX Application Thread] INFO  c.saciar.controller.MainController - View de resgates carregada
2026-01-20 16:35:43.247 [Thread-16] INFO  com.saciar.service.HttpClient - Cache hit: /redeems/
2026-01-20 16:35:43.247 [Thread-17] INFO  com.saciar.service.HttpClient - GET http://localhost:8000/premios/
2026-01-20 16:35:43.252 [Thread-16] INFO  com.saciar.service.ResgateService - 3 resgates encontrados
2026-01-20 16:35:43.254 [Thread-17] ERROR com.saciar.service.HttpClient - Erro HTTP 404: {"detail":"Not Found"}
2026-01-20 16:35:43.255 [Thread-17] INFO  c.s.controller.ResgateController - 0 prêmios carregados
2026-01-20 16:36:08.089 [Thread-18] INFO  com.saciar.service.ResgateService - Buscando todos os resgates
2026-01-20 16:36:08.089 [Thread-19] INFO  com.saciar.service.ResgateService - Buscando prêmios disponíveis
2026-01-20 16:36:08.090 [Thread-19] INFO  com.saciar.service.HttpClient - GET http://localhost:8000/premios/
2026-01-20 16:36:08.090 [Thread-18] INFO  com.saciar.service.HttpClient - GET http://localhost:8000/redeems/
2026-01-20 16:36:08.091 [JavaFX Application Thread] INFO  c.saciar.controller.MainController - View de resgates carregada
2026-01-20 16:36:08.095 [Thread-19] ERROR com.saciar.service.HttpClient - Erro HTTP 404: {"detail":"Not Found"}
2026-01-20 16:36:08.095 [Thread-19] INFO  c.s.controller.ResgateController - 0 prêmios carregados
2026-01-20 16:36:08.107 [Thread-18] INFO  com.saciar.service.ResgateService - 3 resgates encontrados
2026-01-20 16:39:56.017 [JavaFX Application Thread] INFO  com.saciar.SaciarApplication - Iniciando aplicação SACIAR...
2026-01-20 16:39:56.911 [Thread-2] INFO  com.saciar.service.ClienteService - Buscando todos os clientes
2026-01-20 16:39:56.911 [JavaFX Application Thread] INFO  c.saciar.controller.MainController - View de clientes carregada
2026-01-20 16:39:56.953 [Thread-2] INFO  com.saciar.service.HttpClient - GET http://localhost:8000/clientes
2026-01-20 16:39:57.033 [JavaFX Application Thread] WARN  com.saciar.SaciarApplication - Ícone não encontrado
2026-01-20 16:39:57.125 [Thread-2] INFO  com.saciar.service.ClienteService - 5 clientes encontrados
2026-01-20 16:39:57.547 [JavaFX Application Thread] INFO  com.saciar.SaciarApplication - Aplicação iniciada com sucesso!
2026-01-20 16:41:59.726 [Thread-3] INFO  com.saciar.service.CompraService - Buscando todas as compras
2026-01-20 16:41:59.727 [Thread-3] INFO  com.saciar.service.HttpClient - GET http://localhost:8000/purchase/
2026-01-20 16:41:59.730 [JavaFX Application Thread] INFO  c.saciar.controller.MainController - View de compras carregada
2026-01-20 16:41:59.768 [Thread-3] INFO  com.saciar.service.CompraService - 17 compras encontradas
2026-01-20 16:42:00.193 [Thread-4] INFO  com.saciar.service.ResgateService - Buscando todos os resgates
2026-01-20 16:42:00.194 [Thread-5] INFO  com.saciar.service.ResgateService - Buscando prêmios disponíveis
2026-01-20 16:42:00.194 [Thread-5] INFO  com.saciar.service.HttpClient - GET http://localhost:8000/premios/
2026-01-20 16:42:00.194 [Thread-4] INFO  com.saciar.service.HttpClient - GET http://localhost:8000/redeems/
2026-01-20 16:42:00.197 [Thread-5] ERROR com.saciar.service.HttpClient - Erro HTTP 404: {"detail":"Not Found"}
2026-01-20 16:42:00.198 [JavaFX Application Thread] INFO  c.saciar.controller.MainController - View de resgates carregada
2026-01-20 16:42:00.198 [Thread-5] INFO  c.s.controller.ResgateController - 0 prêmios carregados
2026-01-20 16:42:00.219 [Thread-4] INFO  com.saciar.service.ResgateService - 3 resgates encontrados
2026-01-20 16:42:00.950 [Thread-6] INFO  com.saciar.service.ClienteService - Buscando todos os clientes
2026-01-20 16:42:00.951 [Thread-6] INFO  com.saciar.service.HttpClient - GET http://localhost:8000/clientes
2026-01-20 16:42:00.953 [JavaFX Application Thread] INFO  c.saciar.controller.MainController - View de clientes carregada
2026-01-20 16:42:00.971 [Thread-6] INFO  com.saciar.service.ClienteService - 5 clientes encontrados
2026-01-20 16:42:10.010 [Thread-7] INFO  com.saciar.service.ResgateService - Buscando todos os resgates
2026-01-20 16:42:10.010 [Thread-8] INFO  com.saciar.service.ResgateService - Buscando prêmios disponíveis
2026-01-20 16:42:10.010 [Thread-7] INFO  com.saciar.service.HttpClient - Cache hit: /redeems/
2026-01-20 16:42:10.011 [Thread-8] INFO  com.saciar.service.HttpClient - GET http://localhost:8000/premios/
2026-01-20 16:42:10.013 [JavaFX Application Thread] INFO  c.saciar.controller.MainController - View de resgates carregada
2026-01-20 16:42:10.015 [Thread-7] INFO  com.saciar.service.ResgateService - 3 resgates encontrados
2026-01-20 16:42:10.020 [Thread-8] ERROR com.saciar.service.HttpClient - Erro HTTP 404: {"detail":"Not Found"}
2026-01-20 16:42:10.020 [Thread-8] INFO  c.s.controller.ResgateController - 0 prêmios carregados
2026-01-20 16:42:11.481 [Thread-9] INFO  com.saciar.service.CompraService - Buscando todas as compras
2026-01-20 16:42:11.481 [Thread-9] INFO  com.saciar.service.HttpClient - Cache hit: /purchase/
2026-01-20 16:42:11.484 [JavaFX Application Thread] INFO  c.saciar.controller.MainController - View de compras carregada
2026-01-20 16:42:11.494 [Thread-9] INFO  com.saciar.service.CompraService - 17 compras encontradas
2026-01-20 16:42:12.795 [Thread-10] INFO  com.saciar.service.ClienteService - Buscando todos os clientes
2026-01-20 16:42:12.796 [Thread-10] INFO  com.saciar.service.HttpClient - Cache hit: /clientes
2026-01-20 16:42:12.798 [JavaFX Application Thread] INFO  c.saciar.controller.MainController - View de clientes carregada
2026-01-20 16:42:12.804 [Thread-10] INFO  com.saciar.service.ClienteService - 5 clientes encontrados
2026-01-20 16:42:13.883 [Thread-11] INFO  com.saciar.service.ResgateService - Buscando todos os resgates
2026-01-20 16:42:13.883 [Thread-12] INFO  com.saciar.service.ResgateService - Buscando prêmios disponíveis
2026-01-20 16:42:13.883 [Thread-11] INFO  com.saciar.service.HttpClient - Cache hit: /redeems/
2026-01-20 16:42:13.884 [Thread-12] INFO  com.saciar.service.HttpClient - GET http://localhost:8000/premios/
2026-01-20 16:42:13.885 [JavaFX Application Thread] INFO  c.saciar.controller.MainController - View de resgates carregada
2026-01-20 16:42:13.888 [Thread-12] ERROR com.saciar.service.HttpClient - Erro HTTP 404: {"detail":"Not Found"}
2026-01-20 16:42:13.889 [Thread-12] INFO  c.s.controller.ResgateController - 0 prêmios carregados
2026-01-20 16:42:13.890 [Thread-11] INFO  com.saciar.service.ResgateService - 3 resgates encontrados
2026-01-20 16:42:27.687 [Thread-14] INFO  com.saciar.service.ResgateService - Buscando prêmios disponíveis
2026-01-20 16:42:27.687 [Thread-13] INFO  com.saciar.service.ResgateService - Buscando todos os resgates
2026-01-20 16:42:27.687 [Thread-13] INFO  com.saciar.service.HttpClient - Cache hit: /redeems/
2026-01-20 16:42:27.688 [Thread-14] INFO  com.saciar.service.HttpClient - GET http://localhost:8000/premios/
2026-01-20 16:42:27.689 [JavaFX Application Thread] INFO  c.saciar.controller.MainController - View de resgates carregada
2026-01-20 16:42:27.691 [Thread-14] ERROR com.saciar.service.HttpClient - Erro HTTP 404: {"detail":"Not Found"}
2026-01-20 16:42:27.692 [Thread-14] INFO  c.s.controller.ResgateController - 0 prêmios carregados
2026-01-20 16:42:27.693 [Thread-13] INFO  com.saciar.service.ResgateService - 3 resgates encontrados
2026-01-20 16:43:03.602 [Thread-15] INFO  com.saciar.service.CompraService - Buscando todas as compras
2026-01-20 16:43:03.603 [JavaFX Application Thread] INFO  c.saciar.controller.MainController - View de compras carregada
2026-01-20 16:43:03.603 [Thread-15] INFO  com.saciar.service.HttpClient - GET http://localhost:8000/purchase/
2026-01-20 16:43:03.623 [Thread-15] INFO  com.saciar.service.CompraService - 17 compras encontradas
2026-01-20 16:43:08.342 [Thread-17] INFO  com.saciar.service.ResgateService - Buscando prêmios disponíveis
2026-01-20 16:43:08.342 [Thread-16] INFO  com.saciar.service.ResgateService - Buscando todos os resgates
2026-01-20 16:43:08.342 [Thread-17] INFO  com.saciar.service.HttpClient - GET http://localhost:8000/premios/
2026-01-20 16:43:08.342 [Thread-16] INFO  com.saciar.service.HttpClient - GET http://localhost:8000/redeems/
2026-01-20 16:43:08.344 [JavaFX Application Thread] INFO  c.saciar.controller.MainController - View de resgates carregada
2026-01-20 16:43:08.345 [Thread-17] ERROR com.saciar.service.HttpClient - Erro HTTP 404: {"detail":"Not Found"}
2026-01-20 16:43:08.345 [Thread-17] INFO  c.s.controller.ResgateController - 0 prêmios carregados
2026-01-20 16:43:08.359 [Thread-16] INFO  com.saciar.service.ResgateService - 3 resgates encontrados
2026-01-20 16:43:30.065 [Thread-18] INFO  com.saciar.service.CompraService - Buscando todas as compras
2026-01-20 16:43:30.066 [Thread-18] INFO  com.saciar.service.HttpClient - Cache hit: /purchase/
2026-01-20 16:43:30.066 [JavaFX Application Thread] INFO  c.saciar.controller.MainController - View de compras carregada
2026-01-20 16:43:30.076 [Thread-18] INFO  com.saciar.service.CompraService - 17 compras encontradas
2026-01-20 16:43:31.149 [Thread-19] INFO  com.saciar.service.ClienteService - Buscando todos os clientes
2026-01-20 16:43:31.150 [Thread-19] INFO  com.saciar.service.HttpClient - GET http://localhost:8000/clientes
2026-01-20 16:43:31.151 [JavaFX Application Thread] INFO  c.saciar.controller.MainController - View de clientes carregada
2026-01-20 16:43:31.167 [Thread-19] INFO  com.saciar.service.ClienteService - 5 clientes encontrados
2026-01-20 16:43:33.027 [Thread-20] INFO  com.saciar.service.ResgateService - Buscando todos os resgates
2026-01-20 16:43:33.027 [Thread-21] INFO  com.saciar.service.ResgateService - Buscando prêmios disponíveis
2026-01-20 16:43:33.028 [Thread-20] INFO  com.saciar.service.HttpClient - Cache hit: /redeems/
2026-01-20 16:43:33.028 [Thread-21] INFO  com.saciar.service.HttpClient - GET http://localhost:8000/premios/
2026-01-20 16:43:33.029 [JavaFX Application Thread] INFO  c.saciar.controller.MainController - View de resgates carregada
2026-01-20 16:43:33.032 [Thread-21] ERROR com.saciar.service.HttpClient - Erro HTTP 404: {"detail":"Not Found"}
2026-01-20 16:43:33.033 [Thread-21] INFO  c.s.controller.ResgateController - 0 prêmios carregados
2026-01-20 16:43:33.040 [Thread-20] INFO  com.saciar.service.ResgateService - 3 resgates encontrados
2026-01-20 16:46:14.333 [JavaFX Application Thread] INFO  com.saciar.SaciarApplication - Iniciando aplicação SACIAR...
2026-01-20 16:46:15.783 [Thread-2] INFO  com.saciar.service.ClienteService - Buscando todos os clientes
2026-01-20 16:46:15.784 [JavaFX Application Thread] INFO  c.saciar.controller.MainController - View de clientes carregada
2026-01-20 16:46:15.834 [Thread-2] INFO  com.saciar.service.HttpClient - GET http://localhost:8000/clientes
2026-01-20 16:46:15.911 [JavaFX Application Thread] WARN  com.saciar.SaciarApplication - Ícone não encontrado
2026-01-20 16:46:16.018 [Thread-2] INFO  com.saciar.service.ClienteService - 5 clientes encontrados
2026-01-20 16:46:16.409 [JavaFX Application Thread] INFO  com.saciar.SaciarApplication - Aplicação iniciada com sucesso!
2026-01-20 16:46:39.563 [Thread-3] INFO  com.saciar.service.CompraService - Buscando todas as compras
2026-01-20 16:46:39.564 [Thread-3] INFO  com.saciar.service.HttpClient - GET http://localhost:8000/purchase/
2026-01-20 16:46:39.567 [JavaFX Application Thread] INFO  c.saciar.controller.MainController - View de compras carregada
2026-01-20 16:46:39.601 [Thread-3] INFO  com.saciar.service.CompraService - 17 compras encontradas
2026-01-20 16:46:40.678 [Thread-4] INFO  com.saciar.service.ResgateService - Buscando todos os resgates
2026-01-20 16:46:40.679 [Thread-5] INFO  com.saciar.service.ResgateService - Buscando prêmios disponíveis
2026-01-20 16:46:40.679 [Thread-5] INFO  com.saciar.service.HttpClient - GET http://localhost:8000/premios/
2026-01-20 16:46:40.679 [Thread-4] INFO  com.saciar.service.HttpClient - GET http://localhost:8000/redeems/
2026-01-20 16:46:40.682 [Thread-5] ERROR com.saciar.service.HttpClient - Erro HTTP 404: {"detail":"Not Found"}
2026-01-20 16:46:40.682 [JavaFX Application Thread] INFO  c.saciar.controller.MainController - View de resgates carregada
2026-01-20 16:46:40.683 [Thread-5] INFO  c.s.controller.ResgateController - 0 prêmios carregados
2026-01-20 16:46:40.700 [Thread-4] INFO  com.saciar.service.ResgateService - 3 resgates encontrados
2026-01-20 16:46:43.083 [Thread-6] INFO  com.saciar.service.ClienteService - Buscando todos os clientes
2026-01-20 16:46:43.084 [Thread-6] INFO  com.saciar.service.HttpClient - Cache hit: /clientes
2026-01-20 16:46:43.086 [JavaFX Application Thread] INFO  c.saciar.controller.MainController - View de clientes carregada
2026-01-20 16:46:43.095 [Thread-6] INFO  com.saciar.service.ClienteService - 5 clientes encontrados
2026-01-20 16:47:03.056 [Thread-7] INFO  com.saciar.service.CompraService - Buscando todas as compras
2026-01-20 16:47:03.057 [JavaFX Application Thread] INFO  c.saciar.controller.MainController - View de compras carregada
2026-01-20 16:47:03.057 [Thread-7] INFO  com.saciar.service.HttpClient - Cache hit: /purchase/
2026-01-20 16:47:03.069 [Thread-7] INFO  com.saciar.service.CompraService - 17 compras encontradas
2026-01-20 16:47:06.710 [Thread-9] INFO  com.saciar.service.ResgateService - Buscando prêmios disponíveis
2026-01-20 16:47:06.710 [Thread-8] INFO  com.saciar.service.ResgateService - Buscando todos os resgates
2026-01-20 16:47:06.711 [Thread-8] INFO  com.saciar.service.HttpClient - Cache hit: /redeems/
2026-01-20 16:47:06.711 [Thread-9] INFO  com.saciar.service.HttpClient - GET http://localhost:8000/premios/
2026-01-20 16:47:06.713 [JavaFX Application Thread] INFO  c.saciar.controller.MainController - View de resgates carregada
2026-01-20 16:47:06.719 [Thread-8] INFO  com.saciar.service.ResgateService - 3 resgates encontrados
2026-01-20 16:47:06.719 [Thread-9] ERROR com.saciar.service.HttpClient - Erro HTTP 404: {"detail":"Not Found"}
2026-01-20 16:47:06.720 [Thread-9] INFO  c.s.controller.ResgateController - 0 prêmios carregados
2026-01-20 16:47:11.484 [Thread-10] INFO  com.saciar.service.ClienteService - Buscando todos os clientes
2026-01-20 16:47:11.485 [Thread-10] INFO  com.saciar.service.HttpClient - GET http://localhost:8000/clientes
2026-01-20 16:47:11.486 [JavaFX Application Thread] INFO  c.saciar.controller.MainController - View de clientes carregada
2026-01-20 16:47:11.500 [Thread-10] INFO  com.saciar.service.ClienteService - 5 clientes encontrados
2026-01-20 16:49:46.208 [Thread-11] INFO  com.saciar.service.CompraService - Buscando todas as compras
2026-01-20 16:49:46.208 [JavaFX Application Thread] INFO  c.saciar.controller.MainController - View de compras carregada
2026-01-20 16:49:46.210 [Thread-11] INFO  com.saciar.service.HttpClient - GET http://localhost:8000/purchase/
2026-01-20 16:49:46.268 [Thread-11] INFO  com.saciar.service.CompraService - 17 compras encontradas
2026-01-20 16:49:55.912 [Thread-12] INFO  com.saciar.service.CompraService - Removendo compra ID: 6927bb802fcdaa064f826c92
2026-01-20 16:49:55.914 [Thread-12] INFO  com.saciar.service.HttpClient - DELETE http://localhost:8000/purchase/6927bb802fcdaa064f826c92
2026-01-20 16:49:55.978 [Thread-12] INFO  com.saciar.service.HttpClient - Cache invalidado para: purchase
2026-01-20 16:49:55.979 [Thread-12] INFO  com.saciar.service.CompraService - Compra removida com sucesso
2026-01-20 16:49:56.841 [Thread-13] INFO  com.saciar.service.CompraService - Buscando todas as compras
2026-01-20 16:49:56.842 [Thread-13] INFO  com.saciar.service.HttpClient - GET http://localhost:8000/purchase/
2026-01-20 16:49:56.855 [Thread-13] INFO  com.saciar.service.CompraService - 16 compras encontradas
2026-01-20 16:50:06.567 [Thread-14] INFO  com.saciar.service.CompraService - Removendo compra ID: 6927d653f56fcc663b41a188
2026-01-20 16:50:06.568 [Thread-14] INFO  com.saciar.service.HttpClient - DELETE http://localhost:8000/purchase/6927d653f56fcc663b41a188
2026-01-20 16:50:06.580 [Thread-14] INFO  com.saciar.service.HttpClient - Cache invalidado para: purchase
2026-01-20 16:50:06.580 [Thread-14] INFO  com.saciar.service.CompraService - Compra removida com sucesso
2026-01-20 16:50:07.592 [Thread-15] INFO  com.saciar.service.CompraService - Buscando todas as compras
2026-01-20 16:50:07.592 [Thread-15] INFO  com.saciar.service.HttpClient - GET http://localhost:8000/purchase/
2026-01-20 16:50:07.603 [Thread-15] INFO  com.saciar.service.CompraService - 15 compras encontradas
2026-01-20 16:50:10.863 [Thread-16] INFO  com.saciar.service.CompraService - Removendo compra ID: 6927d7c2d4728d5871717bd7
2026-01-20 16:50:10.864 [Thread-16] INFO  com.saciar.service.HttpClient - DELETE http://localhost:8000/purchase/6927d7c2d4728d5871717bd7
2026-01-20 16:50:10.871 [Thread-16] INFO  com.saciar.service.HttpClient - Cache invalidado para: purchase
2026-01-20 16:50:10.872 [Thread-16] INFO  com.saciar.service.CompraService - Compra removida com sucesso
2026-01-20 16:50:11.830 [Thread-17] INFO  com.saciar.service.CompraService - Buscando todas as compras
2026-01-20 16:50:11.831 [Thread-17] INFO  com.saciar.service.HttpClient - GET http://localhost:8000/purchase/
2026-01-20 16:50:11.838 [Thread-17] INFO  com.saciar.service.CompraService - 14 compras encontradas
2026-01-20 16:50:14.359 [Thread-18] INFO  com.saciar.service.CompraService - Removendo compra ID: 6927c2002fcdaa064f826c9b
2026-01-20 16:50:14.360 [Thread-18] INFO  com.saciar.service.HttpClient - DELETE http://localhost:8000/purchase/6927c2002fcdaa064f826c9b
2026-01-20 16:50:14.367 [Thread-18] INFO  com.saciar.service.HttpClient - Cache invalidado para: purchase
2026-01-20 16:50:14.368 [Thread-18] INFO  com.saciar.service.CompraService - Compra removida com sucesso
2026-01-20 16:50:16.407 [Thread-19] INFO  com.saciar.service.CompraService - Buscando todas as compras
2026-01-20 16:50:16.408 [Thread-19] INFO  com.saciar.service.HttpClient - GET http://localhost:8000/purchase/
2026-01-20 16:50:16.415 [Thread-19] INFO  com.saciar.service.CompraService - 13 compras encontradas
2026-01-20 16:50:22.551 [Thread-20] INFO  com.saciar.service.CompraService - Removendo compra ID: 6927d8083b9ca0644981724a
2026-01-20 16:50:22.552 [Thread-20] INFO  com.saciar.service.HttpClient - DELETE http://localhost:8000/purchase/6927d8083b9ca0644981724a
2026-01-20 16:50:22.597 [Thread-20] INFO  com.saciar.service.HttpClient - Cache invalidado para: purchase
2026-01-20 16:50:22.597 [Thread-20] INFO  com.saciar.service.CompraService - Compra removida com sucesso
2026-01-20 16:50:51.863 [Thread-21] INFO  com.saciar.service.CompraService - Buscando todas as compras
2026-01-20 16:50:51.864 [Thread-21] INFO  com.saciar.service.HttpClient - GET http://localhost:8000/purchase/
2026-01-20 16:50:51.881 [Thread-21] INFO  com.saciar.service.CompraService - 12 compras encontradas
2026-01-20 16:50:53.967 [Thread-22] INFO  com.saciar.service.CompraService - Removendo compra ID: 6927d7f2d4728d5871717bd8
2026-01-20 16:50:53.968 [Thread-22] INFO  com.saciar.service.HttpClient - DELETE http://localhost:8000/purchase/6927d7f2d4728d5871717bd8
2026-01-20 16:50:53.975 [Thread-22] INFO  com.saciar.service.HttpClient - Cache invalidado para: purchase
2026-01-20 16:50:53.976 [Thread-22] INFO  com.saciar.service.CompraService - Compra removida com sucesso
2026-01-20 16:50:54.887 [Thread-23] INFO  com.saciar.service.CompraService - Buscando todas as compras
2026-01-20 16:50:54.888 [Thread-23] INFO  com.saciar.service.HttpClient - GET http://localhost:8000/purchase/
2026-01-20 16:50:54.895 [Thread-23] INFO  com.saciar.service.CompraService - 11 compras encontradas
2026-01-20 16:51:49.008 [Thread-24] INFO  com.saciar.service.CompraService - Removendo compra ID: 6927bd632fcdaa064f826c95
2026-01-20 16:51:49.042 [Thread-24] INFO  com.saciar.service.HttpClient - DELETE http://localhost:8000/purchase/6927bd632fcdaa064f826c95
2026-01-20 16:51:49.049 [Thread-24] INFO  com.saciar.service.HttpClient - Cache invalidado para: purchase
2026-01-20 16:51:49.050 [Thread-24] INFO  com.saciar.service.CompraService - Compra removida com sucesso
2026-01-20 16:52:01.472 [Thread-25] INFO  com.saciar.service.CompraService - Buscando todas as compras
2026-01-20 16:52:01.473 [Thread-25] INFO  com.saciar.service.HttpClient - GET http://localhost:8000/purchase/
2026-01-20 16:52:01.482 [Thread-25] INFO  com.saciar.service.CompraService - 10 compras encontradas
2026-01-20 16:52:04.560 [Thread-26] INFO  com.saciar.service.CompraService - Removendo compra ID: 6927d8fe5da1ef5a78ba38a1
2026-01-20 16:52:04.561 [Thread-26] INFO  com.saciar.service.HttpClient - DELETE http://localhost:8000/purchase/6927d8fe5da1ef5a78ba38a1
2026-01-20 16:52:04.566 [Thread-26] INFO  com.saciar.service.HttpClient - Cache invalidado para: purchase
2026-01-20 16:52:04.567 [Thread-26] INFO  com.saciar.service.CompraService - Compra removida com sucesso
2026-01-20 16:52:05.553 [Thread-27] INFO  com.saciar.service.CompraService - Buscando todas as compras
2026-01-20 16:52:05.554 [Thread-27] INFO  com.saciar.service.HttpClient - GET http://localhost:8000/purchase/
2026-01-20 16:52:05.560 [Thread-27] INFO  com.saciar.service.CompraService - 9 compras encontradas
2026-01-20 16:52:07.559 [Thread-28] INFO  com.saciar.service.CompraService - Removendo compra ID: 6927c0f72fcdaa064f826c96
2026-01-20 16:52:07.559 [Thread-28] INFO  com.saciar.service.HttpClient - DELETE http://localhost:8000/purchase/6927c0f72fcdaa064f826c96
2026-01-20 16:52:07.599 [Thread-28] INFO  com.saciar.service.HttpClient - Cache invalidado para: purchase
2026-01-20 16:52:07.599 [Thread-28] INFO  com.saciar.service.CompraService - Compra removida com sucesso
2026-01-20 16:52:10.432 [Thread-29] INFO  com.saciar.service.CompraService - Buscando todas as compras
2026-01-20 16:52:10.432 [Thread-29] INFO  com.saciar.service.HttpClient - GET http://localhost:8000/purchase/
2026-01-20 16:52:10.440 [Thread-29] INFO  com.saciar.service.CompraService - 8 compras encontradas
2026-01-20 16:52:16.847 [Thread-30] INFO  com.saciar.service.CompraService - Removendo compra ID: 6927bbc82fcdaa064f826c94
2026-01-20 16:52:16.848 [Thread-30] INFO  com.saciar.service.HttpClient - DELETE http://localhost:8000/purchase/6927bbc82fcdaa064f826c94
2026-01-20 16:52:16.884 [Thread-30] INFO  com.saciar.service.HttpClient - Cache invalidado para: purchase
2026-01-20 16:52:16.884 [Thread-30] INFO  com.saciar.service.CompraService - Compra removida com sucesso
2026-01-20 16:52:17.833 [Thread-31] INFO  com.saciar.service.CompraService - Buscando todas as compras
2026-01-20 16:52:17.834 [Thread-31] INFO  com.saciar.service.HttpClient - GET http://localhost:8000/purchase/
2026-01-20 16:52:17.841 [Thread-31] INFO  com.saciar.service.CompraService - 7 compras encontradas
2026-01-20 16:52:21.024 [Thread-32] INFO  com.saciar.service.CompraService - Removendo compra ID: 695e140261b6e197b324b5cd
2026-01-20 16:52:21.025 [Thread-32] INFO  com.saciar.service.HttpClient - DELETE http://localhost:8000/purchase/695e140261b6e197b324b5cd
2026-01-20 16:52:21.074 [Thread-32] INFO  com.saciar.service.HttpClient - Cache invalidado para: purchase
2026-01-20 16:52:21.075 [Thread-32] INFO  com.saciar.service.CompraService - Compra removida com sucesso
2026-01-20 16:52:26.663 [Thread-33] INFO  com.saciar.service.CompraService - Buscando todas as compras
2026-01-20 16:52:26.664 [Thread-33] INFO  com.saciar.service.HttpClient - GET http://localhost:8000/purchase/
2026-01-20 16:52:26.673 [Thread-33] INFO  com.saciar.service.CompraService - 6 compras encontradas
2026-01-20 16:52:29.756 [Thread-35] INFO  com.saciar.service.ResgateService - Buscando prêmios disponíveis
2026-01-20 16:52:29.756 [Thread-34] INFO  com.saciar.service.ResgateService - Buscando todos os resgates
2026-01-20 16:52:29.756 [Thread-35] INFO  com.saciar.service.HttpClient - GET http://localhost:8000/premios/
2026-01-20 16:52:29.756 [Thread-34] INFO  com.saciar.service.HttpClient - GET http://localhost:8000/redeems/
2026-01-20 16:52:29.757 [JavaFX Application Thread] INFO  c.saciar.controller.MainController - View de resgates carregada
2026-01-20 16:52:29.759 [Thread-35] ERROR com.saciar.service.HttpClient - Erro HTTP 404: {"detail":"Not Found"}
2026-01-20 16:52:29.760 [Thread-35] INFO  c.s.controller.ResgateController - 0 prêmios carregados
2026-01-20 16:52:29.776 [Thread-34] INFO  com.saciar.service.ResgateService - 3 resgates encontrados
2026-01-20 16:52:35.185 [Thread-36] INFO  com.saciar.service.ResgateService - Buscando prêmios disponíveis
2026-01-20 16:52:35.185 [Thread-36] INFO  com.saciar.service.HttpClient - GET http://localhost:8000/premios/
2026-01-20 16:52:35.192 [Thread-36] ERROR com.saciar.service.HttpClient - Erro HTTP 404: {"detail":"Not Found"}
2026-01-20 16:52:35.193 [Thread-36] INFO  c.s.controller.ResgateController - 0 prêmios carregados
2026-01-20 16:52:56.432 [Thread-37] INFO  com.saciar.service.ResgateService - Buscando prêmios disponíveis
2026-01-20 16:52:56.433 [Thread-37] INFO  com.saciar.service.HttpClient - GET http://localhost:8000/premios/
2026-01-20 16:52:56.439 [Thread-37] ERROR com.saciar.service.HttpClient - Erro HTTP 404: {"detail":"Not Found"}
2026-01-20 16:52:56.440 [Thread-37] INFO  c.s.controller.ResgateController - 0 prêmios carregados
2026-01-20 16:55:04.885 [JavaFX Application Thread] INFO  com.saciar.SaciarApplication - Encerrando aplicação...
2026-01-20 16:55:13.500 [JavaFX Application Thread] INFO  com.saciar.SaciarApplication - Iniciando aplicação SACIAR...
2026-01-20 16:55:14.373 [Thread-2] INFO  com.saciar.service.ClienteService - Buscando todos os clientes
2026-01-20 16:55:14.374 [JavaFX Application Thread] INFO  c.saciar.controller.MainController - View de clientes carregada
2026-01-20 16:55:14.421 [Thread-2] INFO  com.saciar.service.HttpClient - GET http://localhost:8000/clientes
2026-01-20 16:55:14.500 [JavaFX Application Thread] WARN  com.saciar.SaciarApplication - Ícone não encontrado
2026-01-20 16:55:14.630 [Thread-2] INFO  com.saciar.service.ClienteService - 5 clientes encontrados
2026-01-20 16:55:14.995 [JavaFX Application Thread] INFO  com.saciar.SaciarApplication - Aplicação iniciada com sucesso!
2026-01-20 16:55:31.149 [Thread-3] INFO  com.saciar.service.CompraService - Buscando todas as compras
2026-01-20 16:55:31.150 [Thread-3] INFO  com.saciar.service.HttpClient - GET http://localhost:8000/purchase/
2026-01-20 16:55:31.154 [JavaFX Application Thread] INFO  c.saciar.controller.MainController - View de compras carregada
2026-01-20 16:55:31.180 [Thread-3] INFO  com.saciar.service.CompraService - 6 compras encontradas
2026-01-20 16:55:31.740 [Thread-4] INFO  com.saciar.service.ResgateService - Buscando todos os resgates
2026-01-20 16:55:31.740 [Thread-5] INFO  com.saciar.service.ResgateService - Buscando prêmios disponíveis
2026-01-20 16:55:31.741 [Thread-4] INFO  com.saciar.service.HttpClient - GET http://localhost:8000/redeems/
2026-01-20 16:55:31.741 [Thread-5] INFO  com.saciar.service.HttpClient - GET http://localhost:8000/prizes
2026-01-20 16:55:31.747 [JavaFX Application Thread] INFO  c.saciar.controller.MainController - View de resgates carregada
2026-01-20 16:55:31.778 [Thread-4] INFO  com.saciar.service.ResgateService - 3 resgates encontrados
2026-01-20 16:55:31.807 [Thread-5] ERROR com.saciar.service.ResgateService - Erro ao converter prêmios: Unrecognized field "id" (class com.saciar.model.Premio), not marked as ignorable (2 known properties: "premio", "pontos"])
 at [Source: UNKNOWN; byte offset: #UNKNOWN] (through reference chain: java.util.ArrayList[0]->com.saciar.model.Premio["id"])
2026-01-20 16:55:31.808 [Thread-5] INFO  c.s.controller.ResgateController - 0 prêmios carregados
2026-01-20 16:55:52.056 [Thread-6] INFO  com.saciar.service.ResgateService - Buscando prêmios disponíveis
2026-01-20 16:55:52.057 [Thread-6] INFO  com.saciar.service.HttpClient - Cache hit: /prizes
2026-01-20 16:55:52.058 [Thread-6] ERROR com.saciar.service.ResgateService - Erro ao converter prêmios: Unrecognized field "id" (class com.saciar.model.Premio), not marked as ignorable (2 known properties: "premio", "pontos"])
 at [Source: UNKNOWN; byte offset: #UNKNOWN] (through reference chain: java.util.ArrayList[0]->com.saciar.model.Premio["id"])
2026-01-20 16:55:52.059 [Thread-6] INFO  c.s.controller.ResgateController - 0 prêmios carregados
2026-01-20 16:57:36.723 [JavaFX Application Thread] INFO  com.saciar.SaciarApplication - Iniciando aplicação SACIAR...
2026-01-20 16:57:37.545 [Thread-2] INFO  com.saciar.service.ClienteService - Buscando todos os clientes
2026-01-20 16:57:37.546 [JavaFX Application Thread] INFO  c.saciar.controller.MainController - View de clientes carregada
2026-01-20 16:57:37.600 [Thread-2] INFO  com.saciar.service.HttpClient - GET http://localhost:8000/clientes
2026-01-20 16:57:37.679 [JavaFX Application Thread] WARN  com.saciar.SaciarApplication - Ícone não encontrado
2026-01-20 16:57:37.790 [Thread-2] INFO  com.saciar.service.ClienteService - 5 clientes encontrados
2026-01-20 16:57:38.180 [JavaFX Application Thread] INFO  com.saciar.SaciarApplication - Aplicação iniciada com sucesso!
2026-01-20 16:57:43.754 [Thread-3] INFO  com.saciar.service.ResgateService - Buscando todos os resgates
2026-01-20 16:57:43.755 [Thread-3] INFO  com.saciar.service.HttpClient - GET http://localhost:8000/redeems/
2026-01-20 16:57:43.755 [Thread-4] INFO  com.saciar.service.ResgateService - Buscando prêmios disponíveis
2026-01-20 16:57:43.755 [Thread-4] INFO  com.saciar.service.HttpClient - GET http://localhost:8000/prizes
2026-01-20 16:57:43.761 [JavaFX Application Thread] INFO  c.saciar.controller.MainController - View de resgates carregada
2026-01-20 16:57:43.778 [Thread-4] ERROR com.saciar.service.ResgateService - Erro ao converter prêmios: Unrecognized field "id" (class com.saciar.model.Premio), not marked as ignorable (2 known properties: "premio", "pontos"])
 at [Source: UNKNOWN; byte offset: #UNKNOWN] (through reference chain: java.util.ArrayList[0]->com.saciar.model.Premio["id"])
2026-01-20 16:57:43.779 [Thread-4] INFO  c.s.controller.ResgateController - 0 prêmios carregados
2026-01-20 16:57:43.797 [Thread-3] INFO  com.saciar.service.ResgateService - 3 resgates encontrados
2026-01-20 16:57:58.536 [Thread-5] INFO  com.saciar.service.ResgateService - Buscando prêmios disponíveis
2026-01-20 16:57:58.537 [Thread-5] INFO  com.saciar.service.HttpClient - Cache hit: /prizes
2026-01-20 16:57:58.538 [Thread-5] ERROR com.saciar.service.ResgateService - Erro ao converter prêmios: Unrecognized field "id" (class com.saciar.model.Premio), not marked as ignorable (2 known properties: "premio", "pontos"])
 at [Source: UNKNOWN; byte offset: #UNKNOWN] (through reference chain: java.util.ArrayList[0]->com.saciar.model.Premio["id"])
2026-01-20 16:57:58.539 [Thread-5] INFO  c.s.controller.ResgateController - 0 prêmios carregados
2026-01-20 16:58:11.637 [Thread-6] INFO  com.saciar.service.ResgateService - Buscando prêmios disponíveis
2026-01-20 16:58:11.637 [Thread-6] INFO  com.saciar.service.HttpClient - Cache hit: /prizes
2026-01-20 16:58:11.638 [Thread-6] ERROR com.saciar.service.ResgateService - Erro ao converter prêmios: Unrecognized field "id" (class com.saciar.model.Premio), not marked as ignorable (2 known properties: "premio", "pontos"])
 at [Source: UNKNOWN; byte offset: #UNKNOWN] (through reference chain: java.util.ArrayList[0]->com.saciar.model.Premio["id"])
2026-01-20 16:58:11.638 [Thread-6] INFO  c.s.controller.ResgateController - 0 prêmios carregados
2026-01-20 17:01:00.791 [JavaFX Application Thread] INFO  com.saciar.SaciarApplication - Encerrando aplicação...
2026-01-20 17:01:15.951 [JavaFX Application Thread] INFO  com.saciar.SaciarApplication - Iniciando aplicação SACIAR...
2026-01-20 17:01:17.546 [JavaFX Application Thread] INFO  c.saciar.controller.MainController - View de clientes carregada
2026-01-20 17:01:17.546 [Thread-2] INFO  com.saciar.service.ClienteService - Buscando todos os clientes
2026-01-20 17:01:17.603 [Thread-2] INFO  com.saciar.service.HttpClient - GET http://localhost:8000/clientes
2026-01-20 17:01:17.680 [JavaFX Application Thread] WARN  com.saciar.SaciarApplication - Ícone não encontrado
2026-01-20 17:01:17.791 [Thread-2] INFO  com.saciar.service.ClienteService - 5 clientes encontrados
2026-01-20 17:01:18.200 [JavaFX Application Thread] INFO  com.saciar.SaciarApplication - Aplicação iniciada com sucesso!
2026-01-20 17:01:34.760 [Thread-4] INFO  com.saciar.service.ResgateService - Buscando prêmios disponíveis
2026-01-20 17:01:34.760 [Thread-3] INFO  com.saciar.service.ResgateService - Buscando todos os resgates
2026-01-20 17:01:34.761 [Thread-4] INFO  com.saciar.service.HttpClient - GET http://localhost:8000/prizes
2026-01-20 17:01:34.761 [Thread-3] INFO  com.saciar.service.HttpClient - GET http://localhost:8000/redeems/
2026-01-20 17:01:34.765 [JavaFX Application Thread] INFO  c.saciar.controller.MainController - View de resgates carregada
2026-01-20 17:01:34.789 [Thread-4] ERROR com.saciar.service.ResgateService - Erro ao converter prêmios: Unrecognized field "id" (class com.saciar.model.Premio), not marked as ignorable (2 known properties: "premio", "pontos"])
 at [Source: UNKNOWN; byte offset: #UNKNOWN] (through reference chain: java.util.ArrayList[0]->com.saciar.model.Premio["id"])
2026-01-20 17:01:34.792 [Thread-4] INFO  c.s.controller.ResgateController - 0 prêmios carregados
2026-01-20 17:01:34.793 [Thread-3] INFO  com.saciar.service.ResgateService - 3 resgates encontrados
2026-01-20 17:02:44.291 [Thread-5] INFO  com.saciar.service.ResgateService - Buscando prêmios disponíveis
2026-01-20 17:02:44.293 [Thread-5] INFO  com.saciar.service.HttpClient - GET http://localhost:8000/prizes
2026-01-20 17:02:44.361 [Thread-5] ERROR com.saciar.service.ResgateService - Erro ao converter prêmios: Unrecognized field "id" (class com.saciar.model.Premio), not marked as ignorable (2 known properties: "premio", "pontos"])
 at [Source: UNKNOWN; byte offset: #UNKNOWN] (through reference chain: java.util.ArrayList[0]->com.saciar.model.Premio["id"])
2026-01-20 17:02:44.361 [Thread-5] INFO  c.s.controller.ResgateController - 0 prêmios carregados
2026-01-20 17:02:46.962 [Thread-6] INFO  com.saciar.service.ResgateService - Buscando todos os resgates
2026-01-20 17:02:46.962 [Thread-7] INFO  com.saciar.service.ResgateService - Buscando prêmios disponíveis
2026-01-20 17:02:46.963 [Thread-6] INFO  com.saciar.service.HttpClient - GET http://localhost:8000/redeems/
2026-01-20 17:02:46.963 [Thread-7] INFO  com.saciar.service.HttpClient - Cache hit: /prizes
2026-01-20 17:02:46.965 [JavaFX Application Thread] INFO  c.saciar.controller.MainController - View de resgates carregada
2026-01-20 17:02:46.966 [Thread-7] ERROR com.saciar.service.ResgateService - Erro ao converter prêmios: Unrecognized field "id" (class com.saciar.model.Premio), not marked as ignorable (2 known properties: "premio", "pontos"])
 at [Source: UNKNOWN; byte offset: #UNKNOWN] (through reference chain: java.util.ArrayList[0]->com.saciar.model.Premio["id"])
2026-01-20 17:02:46.967 [Thread-7] INFO  c.s.controller.ResgateController - 0 prêmios carregados
2026-01-20 17:02:46.987 [Thread-6] INFO  com.saciar.service.ResgateService - 3 resgates encontrados
2026-01-20 17:03:04.355 [Thread-8] INFO  com.saciar.service.ResgateService - Buscando prêmios disponíveis
2026-01-20 17:03:04.355 [Thread-8] INFO  com.saciar.service.HttpClient - Cache hit: /prizes
2026-01-20 17:03:04.356 [Thread-8] ERROR com.saciar.service.ResgateService - Erro ao converter prêmios: Unrecognized field "id" (class com.saciar.model.Premio), not marked as ignorable (2 known properties: "premio", "pontos"])
 at [Source: UNKNOWN; byte offset: #UNKNOWN] (through reference chain: java.util.ArrayList[0]->com.saciar.model.Premio["id"])
2026-01-20 17:03:04.357 [Thread-8] INFO  c.s.controller.ResgateController - 0 prêmios carregados
2026-01-20 17:04:40.803 [JavaFX Application Thread] INFO  com.saciar.SaciarApplication - Iniciando aplicação SACIAR...
2026-01-20 17:04:42.817 [JavaFX Application Thread] INFO  c.saciar.controller.MainController - View de clientes carregada
2026-01-20 17:04:42.817 [Thread-2] INFO  com.saciar.service.ClienteService - Buscando todos os clientes
2026-01-20 17:04:42.906 [Thread-2] INFO  com.saciar.service.HttpClient - GET http://localhost:8000/clientes
2026-01-20 17:04:43.022 [JavaFX Application Thread] WARN  com.saciar.SaciarApplication - Ícone não encontrado
2026-01-20 17:04:43.163 [Thread-2] INFO  com.saciar.service.ClienteService - 5 clientes encontrados
2026-01-20 17:04:43.557 [JavaFX Application Thread] INFO  com.saciar.SaciarApplication - Aplicação iniciada com sucesso!
2026-01-20 17:05:25.300 [Thread-4] INFO  com.saciar.service.ResgateService - Buscando prêmios disponíveis
2026-01-20 17:05:25.300 [Thread-3] INFO  com.saciar.service.ResgateService - Buscando todos os resgates
2026-01-20 17:05:25.301 [Thread-4] INFO  com.saciar.service.HttpClient - GET http://localhost:8000/prizes
2026-01-20 17:05:25.301 [Thread-3] INFO  com.saciar.service.HttpClient - GET http://localhost:8000/redeems/
2026-01-20 17:05:25.305 [JavaFX Application Thread] INFO  c.saciar.controller.MainController - View de resgates carregada
2026-01-20 17:05:25.324 [Thread-4] INFO  com.saciar.service.ResgateService - 4 prêmios encontrados
2026-01-20 17:05:25.324 [Thread-4] INFO  c.s.controller.ResgateController - 4 prêmios carregados
2026-01-20 17:05:25.327 [Thread-3] INFO  com.saciar.service.ResgateService - 3 resgates encontrados
2026-01-20 17:06:44.083 [Thread-5] INFO  com.saciar.service.CompraService - Buscando todas as compras
2026-01-20 17:06:44.084 [Thread-5] INFO  com.saciar.service.HttpClient - GET http://localhost:8000/purchase/
2026-01-20 17:06:44.085 [JavaFX Application Thread] INFO  c.saciar.controller.MainController - View de compras carregada
2026-01-20 17:06:44.141 [Thread-5] INFO  com.saciar.service.CompraService - 6 compras encontradas
2026-01-20 17:06:44.634 [Thread-6] INFO  com.saciar.service.ClienteService - Buscando todos os clientes
2026-01-20 17:06:44.636 [Thread-6] INFO  com.saciar.service.HttpClient - GET http://localhost:8000/clientes
2026-01-20 17:06:44.637 [JavaFX Application Thread] INFO  c.saciar.controller.MainController - View de clientes carregada
2026-01-20 17:06:44.655 [Thread-6] INFO  com.saciar.service.ClienteService - 5 clientes encontrados
2026-01-20 17:06:48.262 [Thread-7] INFO  com.saciar.service.ResgateService - Buscando todos os resgates
2026-01-20 17:06:48.262 [Thread-8] INFO  com.saciar.service.ResgateService - Buscando prêmios disponíveis
2026-01-20 17:06:48.262 [Thread-7] INFO  com.saciar.service.HttpClient - GET http://localhost:8000/redeems/
2026-01-20 17:06:48.263 [Thread-8] INFO  com.saciar.service.HttpClient - GET http://localhost:8000/prizes
2026-01-20 17:06:48.265 [JavaFX Application Thread] INFO  c.saciar.controller.MainController - View de resgates carregada
2026-01-20 17:06:48.278 [Thread-7] INFO  com.saciar.service.ResgateService - 3 resgates encontrados
2026-01-20 17:06:48.280 [Thread-8] INFO  com.saciar.service.ResgateService - 4 prêmios encontrados
2026-01-20 17:06:48.280 [Thread-8] INFO  c.s.controller.ResgateController - 4 prêmios carregados
2026-01-20 17:10:54.186 [JavaFX Application Thread] INFO  com.saciar.SaciarApplication - Iniciando aplicação SACIAR...
2026-01-20 17:10:55.060 [JavaFX Application Thread] INFO  c.saciar.controller.MainController - View de clientes carregada
2026-01-20 17:10:55.060 [Thread-2] INFO  com.saciar.service.ClienteService - Buscando todos os clientes
2026-01-20 17:10:55.114 [Thread-2] INFO  com.saciar.service.HttpClient - GET http://localhost:8000/clientes
2026-01-20 17:10:55.248 [JavaFX Application Thread] WARN  com.saciar.SaciarApplication - Ícone não encontrado
2026-01-20 17:10:55.407 [Thread-2] INFO  com.saciar.service.ClienteService - 5 clientes encontrados
2026-01-20 17:10:56.000 [JavaFX Application Thread] INFO  com.saciar.SaciarApplication - Aplicação iniciada com sucesso!
2026-01-20 17:12:08.095 [Thread-4] INFO  com.saciar.service.ResgateService - Buscando prêmios disponíveis
2026-01-20 17:12:08.095 [Thread-3] INFO  com.saciar.service.ResgateService - Buscando todos os resgates
2026-01-20 17:12:08.096 [Thread-4] INFO  com.saciar.service.HttpClient - GET http://localhost:8000/prizes
2026-01-20 17:12:08.096 [Thread-3] INFO  com.saciar.service.HttpClient - GET http://localhost:8000/redeems/
2026-01-20 17:12:08.101 [JavaFX Application Thread] INFO  c.saciar.controller.MainController - View de resgates carregada
2026-01-20 17:12:08.148 [Thread-4] INFO  com.saciar.service.ResgateService - 4 prêmios encontrados
2026-01-20 17:12:08.149 [Thread-4] INFO  c.s.controller.ResgateController - 4 prêmios carregados
2026-01-20 17:12:08.158 [Thread-3] INFO  com.saciar.service.ResgateService - 3 resgates encontrados
2026-01-20 17:12:15.520 [Thread-5] INFO  com.saciar.service.ResgateService - Buscando prêmios disponíveis
2026-01-20 17:12:15.521 [Thread-5] INFO  com.saciar.service.HttpClient - Cache hit: /prizes
2026-01-20 17:12:15.523 [Thread-5] INFO  com.saciar.service.ResgateService - 4 prêmios encontrados
2026-01-20 17:12:15.524 [Thread-5] INFO  c.s.controller.ResgateController - 4 prêmios carregados
2026-01-20 17:12:19.647 [Thread-6] INFO  com.saciar.service.ResgateService - Buscando prêmios disponíveis
2026-01-20 17:12:19.648 [Thread-6] INFO  com.saciar.service.HttpClient - Cache hit: /prizes
2026-01-20 17:12:19.650 [Thread-6] INFO  com.saciar.service.ResgateService - 4 prêmios encontrados
2026-01-20 17:12:19.650 [Thread-6] INFO  c.s.controller.ResgateController - 4 prêmios carregados
2026-01-20 17:13:34.325 [JavaFX Application Thread] INFO  com.saciar.SaciarApplication - Iniciando aplicação SACIAR...
2026-01-20 17:13:35.355 [Thread-2] INFO  com.saciar.service.ClienteService - Buscando todos os clientes
2026-01-20 17:13:35.355 [JavaFX Application Thread] INFO  c.saciar.controller.MainController - View de clientes carregada
2026-01-20 17:13:35.412 [Thread-2] INFO  com.saciar.service.HttpClient - GET http://localhost:8000/clientes
2026-01-20 17:13:35.537 [JavaFX Application Thread] WARN  com.saciar.SaciarApplication - Ícone não encontrado
2026-01-20 17:13:35.771 [Thread-2] INFO  com.saciar.service.ClienteService - 5 clientes encontrados
2026-01-20 17:13:36.384 [JavaFX Application Thread] INFO  com.saciar.SaciarApplication - Aplicação iniciada com sucesso!
2026-01-20 17:13:56.349 [Thread-3] INFO  com.saciar.service.ResgateService - Buscando todos os resgates
2026-01-20 17:13:56.349 [Thread-4] INFO  com.saciar.service.ResgateService - Buscando prêmios disponíveis
2026-01-20 17:13:56.352 [Thread-3] INFO  com.saciar.service.HttpClient - GET http://localhost:8000/redeems/
2026-01-20 17:13:56.352 [Thread-4] INFO  com.saciar.service.HttpClient - GET http://localhost:8000/prizes
2026-01-20 17:13:56.354 [JavaFX Application Thread] INFO  c.saciar.controller.MainController - View de resgates carregada
2026-01-20 17:13:56.418 [Thread-4] INFO  com.saciar.service.ResgateService - 4 prêmios encontrados
2026-01-20 17:13:56.419 [Thread-4] INFO  c.s.controller.ResgateController - 4 prêmios carregados
2026-01-20 17:13:56.437 [Thread-3] INFO  com.saciar.service.ResgateService - 3 resgates encontrados
2026-01-20 17:13:57.766 [Thread-5] INFO  com.saciar.service.CompraService - Buscando todas as compras
2026-01-20 17:13:57.767 [Thread-5] INFO  com.saciar.service.HttpClient - GET http://localhost:8000/purchase/
2026-01-20 17:13:57.774 [JavaFX Application Thread] INFO  c.saciar.controller.MainController - View de compras carregada
2026-01-20 17:13:57.791 [Thread-5] INFO  com.saciar.service.CompraService - 6 compras encontradas
2026-01-20 17:13:58.269 [Thread-6] INFO  com.saciar.service.ClienteService - Buscando todos os clientes
2026-01-20 17:13:58.270 [Thread-6] INFO  com.saciar.service.HttpClient - Cache hit: /clientes
2026-01-20 17:13:58.272 [JavaFX Application Thread] INFO  c.saciar.controller.MainController - View de clientes carregada
2026-01-20 17:13:58.281 [Thread-6] INFO  com.saciar.service.ClienteService - 5 clientes encontrados
2026-01-20 17:13:59.083 [Thread-7] INFO  com.saciar.service.ResgateService - Buscando todos os resgates
2026-01-20 17:13:59.083 [Thread-8] INFO  com.saciar.service.ResgateService - Buscando prêmios disponíveis
2026-01-20 17:13:59.084 [Thread-7] INFO  com.saciar.service.HttpClient - Cache hit: /redeems/
2026-01-20 17:13:59.084 [Thread-8] INFO  com.saciar.service.HttpClient - Cache hit: /prizes
2026-01-20 17:13:59.086 [JavaFX Application Thread] INFO  c.saciar.controller.MainController - View de resgates carregada
2026-01-20 17:13:59.089 [Thread-7] INFO  com.saciar.service.ResgateService - 3 resgates encontrados
2026-01-20 17:13:59.092 [Thread-8] INFO  com.saciar.service.ResgateService - 4 prêmios encontrados
2026-01-20 17:13:59.092 [Thread-8] INFO  c.s.controller.ResgateController - 4 prêmios carregados
2026-01-20 17:14:01.815 [Thread-9] INFO  com.saciar.service.ResgateService - Buscando prêmios disponíveis
2026-01-20 17:14:01.815 [Thread-9] INFO  com.saciar.service.HttpClient - Cache hit: /prizes
2026-01-20 17:14:01.816 [Thread-9] INFO  com.saciar.service.ResgateService - 4 prêmios encontrados
2026-01-20 17:14:01.817 [Thread-9] INFO  c.s.controller.ResgateController - 4 prêmios carregados
2026-01-20 17:15:12.114 [JavaFX Application Thread] INFO  com.saciar.SaciarApplication - Iniciando aplicação SACIAR...
2026-01-20 17:15:13.104 [Thread-2] INFO  com.saciar.service.ClienteService - Buscando todos os clientes
2026-01-20 17:15:13.104 [JavaFX Application Thread] INFO  c.saciar.controller.MainController - View de clientes carregada
2026-01-20 17:15:13.149 [Thread-2] INFO  com.saciar.service.HttpClient - GET http://localhost:8000/clientes
2026-01-20 17:15:13.234 [JavaFX Application Thread] WARN  com.saciar.SaciarApplication - Ícone não encontrado
2026-01-20 17:15:13.351 [Thread-2] INFO  com.saciar.service.ClienteService - 5 clientes encontrados
2026-01-20 17:15:13.817 [JavaFX Application Thread] INFO  com.saciar.SaciarApplication - Aplicação iniciada com sucesso!
2026-01-20 17:15:31.771 [Thread-4] INFO  com.saciar.service.ResgateService - Buscando prêmios disponíveis
2026-01-20 17:15:31.770 [Thread-3] INFO  com.saciar.service.ResgateService - Buscando todos os resgates
2026-01-20 17:15:31.771 [Thread-4] INFO  com.saciar.service.HttpClient - GET http://localhost:8000/prizes
2026-01-20 17:15:31.771 [Thread-3] INFO  com.saciar.service.HttpClient - GET http://localhost:8000/redeems/
2026-01-20 17:15:31.778 [JavaFX Application Thread] INFO  c.saciar.controller.MainController - View de resgates carregada
2026-01-20 17:15:31.823 [Thread-4] INFO  com.saciar.service.ResgateService - 4 prêmios encontrados
2026-01-20 17:15:31.824 [Thread-4] INFO  c.s.controller.ResgateController - 4 prêmios carregados
2026-01-20 17:15:31.843 [Thread-3] INFO  com.saciar.service.ResgateService - 3 resgates encontrados
2026-01-20 17:15:42.556 [Thread-5] INFO  com.saciar.service.ResgateService - Buscando prêmios disponíveis
2026-01-20 17:15:42.558 [Thread-5] INFO  com.saciar.service.HttpClient - Cache hit: /prizes
2026-01-20 17:15:42.560 [Thread-5] INFO  com.saciar.service.ResgateService - 4 prêmios encontrados
2026-01-20 17:15:42.560 [Thread-5] INFO  c.s.controller.ResgateController - 4 prêmios carregados
2026-01-20 17:15:44.330 [Thread-6] INFO  com.saciar.service.ResgateService - Buscando prêmios disponíveis
2026-01-20 17:15:44.331 [Thread-6] INFO  com.saciar.service.HttpClient - Cache hit: /prizes
2026-01-20 17:15:44.333 [Thread-6] INFO  com.saciar.service.ResgateService - 4 prêmios encontrados
2026-01-20 17:15:44.333 [Thread-6] INFO  c.s.controller.ResgateController - 4 prêmios carregados
2026-01-20 17:17:24.087 [JavaFX Application Thread] INFO  com.saciar.SaciarApplication - Iniciando aplicação SACIAR...
2026-01-20 17:17:24.943 [Thread-2] INFO  com.saciar.service.ClienteService - Buscando todos os clientes
2026-01-20 17:17:24.943 [JavaFX Application Thread] INFO  c.saciar.controller.MainController - View de clientes carregada
2026-01-20 17:17:24.980 [Thread-2] INFO  com.saciar.service.HttpClient - GET http://localhost:8000/clientes
2026-01-20 17:17:25.082 [JavaFX Application Thread] WARN  com.saciar.SaciarApplication - Ícone não encontrado
2026-01-20 17:17:25.219 [Thread-2] INFO  com.saciar.service.ClienteService - 5 clientes encontrados
2026-01-20 17:17:25.619 [JavaFX Application Thread] INFO  com.saciar.SaciarApplication - Aplicação iniciada com sucesso!
2026-01-20 17:17:59.388 [Thread-3] INFO  com.saciar.service.ResgateService - Buscando todos os resgates
2026-01-20 17:17:59.389 [Thread-4] INFO  com.saciar.service.ResgateService - Buscando prêmios disponíveis
2026-01-20 17:17:59.389 [Thread-4] INFO  com.saciar.service.HttpClient - GET http://localhost:8000/prizes
2026-01-20 17:17:59.389 [Thread-3] INFO  com.saciar.service.HttpClient - GET http://localhost:8000/redeems/
2026-01-20 17:17:59.398 [JavaFX Application Thread] INFO  c.saciar.controller.MainController - View de resgates carregada
2026-01-20 17:17:59.462 [Thread-4] INFO  com.saciar.service.ResgateService - 4 prêmios encontrados
2026-01-20 17:17:59.463 [Thread-4] INFO  c.s.controller.ResgateController - 4 prêmios carregados
2026-01-20 17:17:59.481 [Thread-3] INFO  com.saciar.service.ResgateService - 3 resgates encontrados
2026-01-20 17:18:05.022 [Thread-5] INFO  com.saciar.service.ResgateService - Buscando prêmios disponíveis
2026-01-20 17:18:05.023 [Thread-5] INFO  com.saciar.service.HttpClient - Cache hit: /prizes
2026-01-20 17:18:05.024 [Thread-5] INFO  com.saciar.service.ResgateService - 4 prêmios encontrados
2026-01-20 17:18:05.025 [Thread-5] INFO  c.s.controller.ResgateController - 4 prêmios carregados
2026-01-20 17:18:26.574 [JavaFX Application Thread] INFO  com.saciar.SaciarApplication - Iniciando aplicação SACIAR...
2026-01-20 17:18:27.454 [Thread-2] INFO  com.saciar.service.ClienteService - Buscando todos os clientes
2026-01-20 17:18:27.454 [JavaFX Application Thread] INFO  c.saciar.controller.MainController - View de clientes carregada
2026-01-20 17:18:27.500 [Thread-2] INFO  com.saciar.service.HttpClient - GET http://localhost:8000/clientes
2026-01-20 17:18:27.604 [JavaFX Application Thread] WARN  com.saciar.SaciarApplication - Ícone não encontrado
2026-01-20 17:18:27.755 [Thread-2] INFO  com.saciar.service.ClienteService - 5 clientes encontrados
2026-01-20 17:18:28.144 [JavaFX Application Thread] INFO  com.saciar.SaciarApplication - Aplicação iniciada com sucesso!
2026-01-20 17:19:22.464 [Thread-3] INFO  com.saciar.service.ResgateService - Buscando todos os resgates
2026-01-20 17:19:22.465 [Thread-4] INFO  com.saciar.service.ResgateService - Buscando prêmios disponíveis
2026-01-20 17:19:22.466 [Thread-3] INFO  com.saciar.service.HttpClient - GET http://localhost:8000/redeems/
2026-01-20 17:19:22.466 [Thread-4] INFO  com.saciar.service.HttpClient - GET http://localhost:8000/prizes
2026-01-20 17:19:22.474 [JavaFX Application Thread] INFO  c.saciar.controller.MainController - View de resgates carregada
2026-01-20 17:19:22.519 [Thread-4] INFO  com.saciar.service.ResgateService - 4 prêmios encontrados
2026-01-20 17:19:22.520 [Thread-4] INFO  c.s.controller.ResgateController - 4 prêmios carregados
2026-01-20 17:19:22.529 [Thread-3] INFO  com.saciar.service.ResgateService - 3 resgates encontrados
2026-01-20 17:19:31.737 [Thread-5] INFO  com.saciar.service.ResgateService - Buscando prêmios disponíveis
2026-01-20 17:19:31.738 [Thread-5] INFO  com.saciar.service.HttpClient - Cache hit: /prizes
2026-01-20 17:19:31.739 [Thread-5] INFO  com.saciar.service.ResgateService - 4 prêmios encontrados
2026-01-20 17:19:31.740 [Thread-5] INFO  c.s.controller.ResgateController - 4 prêmios carregados
2026-01-20 17:19:52.841 [JavaFX Application Thread] INFO  com.saciar.SaciarApplication - Iniciando aplicação SACIAR...
2026-01-20 17:19:53.812 [JavaFX Application Thread] INFO  c.saciar.controller.MainController - View de clientes carregada
2026-01-20 17:19:53.812 [Thread-2] INFO  com.saciar.service.ClienteService - Buscando todos os clientes
2026-01-20 17:19:53.861 [Thread-2] INFO  com.saciar.service.HttpClient - GET http://localhost:8000/clientes
2026-01-20 17:19:53.946 [JavaFX Application Thread] WARN  com.saciar.SaciarApplication - Ícone não encontrado
2026-01-20 17:19:54.111 [Thread-2] INFO  com.saciar.service.ClienteService - 5 clientes encontrados
2026-01-20 17:19:54.511 [JavaFX Application Thread] INFO  com.saciar.SaciarApplication - Aplicação iniciada com sucesso!
2026-01-20 17:20:15.106 [Thread-4] INFO  com.saciar.service.ResgateService - Buscando prêmios disponíveis
2026-01-20 17:20:15.106 [Thread-3] INFO  com.saciar.service.ResgateService - Buscando todos os resgates
2026-01-20 17:20:15.107 [Thread-4] INFO  com.saciar.service.HttpClient - GET http://localhost:8000/prizes
2026-01-20 17:20:15.107 [Thread-3] INFO  com.saciar.service.HttpClient - GET http://localhost:8000/redeems/
2026-01-20 17:20:15.112 [JavaFX Application Thread] INFO  c.saciar.controller.MainController - View de resgates carregada
2026-01-20 17:20:15.154 [Thread-4] INFO  com.saciar.service.ResgateService - 4 prêmios encontrados
2026-01-20 17:20:15.155 [Thread-4] INFO  c.s.controller.ResgateController - 4 prêmios carregados
2026-01-20 17:20:15.165 [Thread-3] INFO  com.saciar.service.ResgateService - 3 resgates encontrados
2026-01-20 17:20:40.202 [JavaFX Application Thread] INFO  com.saciar.SaciarApplication - Iniciando aplicação SACIAR...
2026-01-20 17:20:41.110 [Thread-2] INFO  com.saciar.service.ClienteService - Buscando todos os clientes
2026-01-20 17:20:41.110 [JavaFX Application Thread] INFO  c.saciar.controller.MainController - View de clientes carregada
2026-01-20 17:20:41.157 [Thread-2] INFO  com.saciar.service.HttpClient - GET http://localhost:8000/clientes
2026-01-20 17:20:41.245 [JavaFX Application Thread] WARN  com.saciar.SaciarApplication - Ícone não encontrado
2026-01-20 17:20:41.410 [Thread-2] INFO  com.saciar.service.ClienteService - 5 clientes encontrados
2026-01-20 17:20:41.932 [JavaFX Application Thread] INFO  com.saciar.SaciarApplication - Aplicação iniciada com sucesso!
2026-01-20 17:20:46.974 [Thread-3] INFO  com.saciar.service.ResgateService - Buscando todos os resgates
2026-01-20 17:20:46.975 [Thread-3] INFO  com.saciar.service.HttpClient - GET http://localhost:8000/redeems/
2026-01-20 17:20:46.976 [Thread-4] INFO  com.saciar.service.ResgateService - Buscando prêmios disponíveis
2026-01-20 17:20:46.977 [Thread-4] INFO  com.saciar.service.HttpClient - GET http://localhost:8000/prizes
2026-01-20 17:20:46.981 [JavaFX Application Thread] INFO  c.saciar.controller.MainController - View de resgates carregada
2026-01-20 17:20:47.011 [Thread-4] INFO  com.saciar.service.ResgateService - 4 prêmios encontrados
2026-01-20 17:20:47.012 [Thread-4] INFO  c.s.controller.ResgateController - 4 prêmios carregados
2026-01-20 17:20:47.026 [Thread-3] INFO  com.saciar.service.ResgateService - 3 resgates encontrados
2026-01-20 17:21:27.255 [JavaFX Application Thread] INFO  com.saciar.SaciarApplication - Iniciando aplicação SACIAR...
2026-01-20 17:21:28.175 [JavaFX Application Thread] INFO  c.saciar.controller.MainController - View de clientes carregada
2026-01-20 17:21:28.175 [Thread-2] INFO  com.saciar.service.ClienteService - Buscando todos os clientes
2026-01-20 17:21:28.222 [Thread-2] INFO  com.saciar.service.HttpClient - GET http://localhost:8000/clientes
2026-01-20 17:21:28.314 [JavaFX Application Thread] WARN  com.saciar.SaciarApplication - Ícone não encontrado
2026-01-20 17:21:28.435 [Thread-2] INFO  com.saciar.service.ClienteService - 5 clientes encontrados
2026-01-20 17:21:28.855 [JavaFX Application Thread] INFO  com.saciar.SaciarApplication - Aplicação iniciada com sucesso!
2026-01-20 17:21:38.757 [Thread-3] INFO  com.saciar.service.ResgateService - Buscando todos os resgates
2026-01-20 17:21:38.757 [Thread-4] INFO  com.saciar.service.ResgateService - Buscando prêmios disponíveis
2026-01-20 17:21:38.758 [Thread-3] INFO  com.saciar.service.HttpClient - GET http://localhost:8000/redeems/
2026-01-20 17:21:38.758 [Thread-4] INFO  com.saciar.service.HttpClient - GET http://localhost:8000/prizes
2026-01-20 17:21:38.762 [JavaFX Application Thread] INFO  c.saciar.controller.MainController - View de resgates carregada
2026-01-20 17:21:38.800 [Thread-4] INFO  com.saciar.service.ResgateService - 4 prêmios encontrados
2026-01-20 17:21:38.801 [Thread-4] INFO  c.s.controller.ResgateController - 4 prêmios carregados
2026-01-20 17:21:38.819 [Thread-3] INFO  com.saciar.service.ResgateService - 3 resgates encontrados
2026-01-20 17:21:53.015 [JavaFX Application Thread] INFO  com.saciar.SaciarApplication - Iniciando aplicação SACIAR...
2026-01-20 17:21:53.924 [JavaFX Application Thread] INFO  c.saciar.controller.MainController - View de clientes carregada
2026-01-20 17:21:53.924 [Thread-2] INFO  com.saciar.service.ClienteService - Buscando todos os clientes
2026-01-20 17:21:53.971 [Thread-2] INFO  com.saciar.service.HttpClient - GET http://localhost:8000/clientes
2026-01-20 17:21:54.079 [JavaFX Application Thread] WARN  com.saciar.SaciarApplication - Ícone não encontrado
2026-01-20 17:21:54.217 [Thread-2] INFO  com.saciar.service.ClienteService - 5 clientes encontrados
2026-01-20 17:21:54.623 [JavaFX Application Thread] INFO  com.saciar.SaciarApplication - Aplicação iniciada com sucesso!
2026-01-20 17:21:57.587 [Thread-3] INFO  com.saciar.service.ResgateService - Buscando todos os resgates
2026-01-20 17:21:57.588 [Thread-3] INFO  com.saciar.service.HttpClient - GET http://localhost:8000/redeems/
2026-01-20 17:21:57.588 [Thread-4] INFO  com.saciar.service.ResgateService - Buscando prêmios disponíveis
2026-01-20 17:21:57.589 [Thread-4] INFO  com.saciar.service.HttpClient - GET http://localhost:8000/prizes
2026-01-20 17:21:57.595 [JavaFX Application Thread] INFO  c.saciar.controller.MainController - View de resgates carregada
2026-01-20 17:21:57.645 [Thread-4] INFO  com.saciar.service.ResgateService - 4 prêmios encontrados
2026-01-20 17:21:57.646 [Thread-4] INFO  c.s.controller.ResgateController - 4 prêmios carregados
2026-01-20 17:21:57.662 [Thread-3] INFO  com.saciar.service.ResgateService - 3 resgates encontrados
2026-01-20 17:22:12.654 [JavaFX Application Thread] INFO  com.saciar.SaciarApplication - Iniciando aplicação SACIAR...
2026-01-20 17:22:13.542 [Thread-2] INFO  com.saciar.service.ClienteService - Buscando todos os clientes
2026-01-20 17:22:13.543 [JavaFX Application Thread] INFO  c.saciar.controller.MainController - View de clientes carregada
2026-01-20 17:22:13.604 [Thread-2] INFO  com.saciar.service.HttpClient - GET http://localhost:8000/clientes
2026-01-20 17:22:13.718 [JavaFX Application Thread] WARN  com.saciar.SaciarApplication - Ícone não encontrado
2026-01-20 17:22:13.862 [Thread-2] INFO  com.saciar.service.ClienteService - 5 clientes encontrados
2026-01-20 17:22:14.290 [JavaFX Application Thread] INFO  com.saciar.SaciarApplication - Aplicação iniciada com sucesso!
2026-01-20 17:22:21.459 [Thread-3] INFO  com.saciar.service.ResgateService - Buscando todos os resgates
2026-01-20 17:22:21.460 [Thread-3] INFO  com.saciar.service.HttpClient - GET http://localhost:8000/redeems/
2026-01-20 17:22:21.460 [Thread-4] INFO  com.saciar.service.ResgateService - Buscando prêmios disponíveis
2026-01-20 17:22:21.461 [Thread-4] INFO  com.saciar.service.HttpClient - GET http://localhost:8000/prizes
2026-01-20 17:22:21.465 [JavaFX Application Thread] INFO  c.saciar.controller.MainController - View de resgates carregada
2026-01-20 17:22:21.538 [Thread-4] INFO  com.saciar.service.ResgateService - 4 prêmios encontrados
2026-01-20 17:22:21.540 [Thread-4] INFO  c.s.controller.ResgateController - 4 prêmios carregados
2026-01-20 17:22:21.554 [Thread-3] INFO  com.saciar.service.ResgateService - 3 resgates encontrados
2026-01-20 17:22:37.406 [JavaFX Application Thread] INFO  com.saciar.SaciarApplication - Iniciando aplicação SACIAR...
2026-01-20 17:22:38.454 [Thread-2] INFO  com.saciar.service.ClienteService - Buscando todos os clientes
2026-01-20 17:22:38.454 [JavaFX Application Thread] INFO  c.saciar.controller.MainController - View de clientes carregada
2026-01-20 17:22:38.502 [Thread-2] INFO  com.saciar.service.HttpClient - GET http://localhost:8000/clientes
2026-01-20 17:22:38.615 [JavaFX Application Thread] WARN  com.saciar.SaciarApplication - Ícone não encontrado
2026-01-20 17:22:38.749 [Thread-2] INFO  com.saciar.service.ClienteService - 5 clientes encontrados
2026-01-20 17:22:39.258 [JavaFX Application Thread] INFO  com.saciar.SaciarApplication - Aplicação iniciada com sucesso!
2026-01-20 17:22:41.663 [Thread-3] INFO  com.saciar.service.ResgateService - Buscando todos os resgates
2026-01-20 17:22:41.664 [Thread-4] INFO  com.saciar.service.ResgateService - Buscando prêmios disponíveis
2026-01-20 17:22:41.665 [Thread-4] INFO  com.saciar.service.HttpClient - GET http://localhost:8000/prizes
2026-01-20 17:22:41.665 [Thread-3] INFO  com.saciar.service.HttpClient - GET http://localhost:8000/redeems/
2026-01-20 17:22:41.672 [JavaFX Application Thread] INFO  c.saciar.controller.MainController - View de resgates carregada
2026-01-20 17:22:41.926 [Thread-4] INFO  com.saciar.service.ResgateService - 4 prêmios encontrados
2026-01-20 17:22:41.927 [Thread-4] INFO  c.s.controller.ResgateController - 4 prêmios carregados
2026-01-20 17:22:41.968 [Thread-3] INFO  com.saciar.service.ResgateService - 3 resgates encontrados
2026-01-20 17:24:08.547 [JavaFX Application Thread] INFO  com.saciar.SaciarApplication - Iniciando aplicação SACIAR...
2026-01-20 17:24:09.516 [Thread-2] INFO  com.saciar.service.ClienteService - Buscando todos os clientes
2026-01-20 17:24:09.517 [JavaFX Application Thread] INFO  c.saciar.controller.MainController - View de clientes carregada
2026-01-20 17:24:09.563 [Thread-2] INFO  com.saciar.service.HttpClient - GET http://localhost:8000/clientes
2026-01-20 17:24:09.681 [JavaFX Application Thread] WARN  com.saciar.SaciarApplication - Ícone não encontrado
2026-01-20 17:24:09.788 [Thread-2] INFO  com.saciar.service.ClienteService - 5 clientes encontrados
2026-01-20 17:24:10.242 [JavaFX Application Thread] INFO  com.saciar.SaciarApplication - Aplicação iniciada com sucesso!
2026-01-20 17:24:13.699 [Thread-4] INFO  com.saciar.service.ResgateService - Buscando prêmios disponíveis
2026-01-20 17:24:13.699 [Thread-3] INFO  com.saciar.service.ResgateService - Buscando todos os resgates
2026-01-20 17:24:13.699 [Thread-3] INFO  com.saciar.service.HttpClient - GET http://localhost:8000/redeems/
2026-01-20 17:24:13.699 [Thread-4] INFO  com.saciar.service.HttpClient - GET http://localhost:8000/prizes
2026-01-20 17:24:13.704 [JavaFX Application Thread] INFO  c.saciar.controller.MainController - View de resgates carregada
2026-01-20 17:24:13.759 [Thread-4] INFO  com.saciar.service.ResgateService - 4 prêmios encontrados
2026-01-20 17:24:13.759 [Thread-4] INFO  c.s.controller.ResgateController - 4 prêmios carregados
2026-01-20 17:24:13.779 [Thread-3] INFO  com.saciar.service.ResgateService - 3 resgates encontrados
2026-01-20 17:24:53.384 [JavaFX Application Thread] INFO  com.saciar.SaciarApplication - Iniciando aplicação SACIAR...
2026-01-20 17:24:55.103 [Thread-2] INFO  com.saciar.service.ClienteService - Buscando todos os clientes
2026-01-20 17:24:55.104 [JavaFX Application Thread] INFO  c.saciar.controller.MainController - View de clientes carregada
2026-01-20 17:24:55.169 [Thread-2] INFO  com.saciar.service.HttpClient - GET http://localhost:8000/clientes
2026-01-20 17:24:55.270 [JavaFX Application Thread] WARN  com.saciar.SaciarApplication - Ícone não encontrado
2026-01-20 17:24:55.633 [Thread-2] INFO  com.saciar.service.ClienteService - 5 clientes encontrados
2026-01-20 17:24:56.316 [JavaFX Application Thread] INFO  com.saciar.SaciarApplication - Aplicação iniciada com sucesso!
2026-01-20 17:24:58.958 [Thread-3] INFO  com.saciar.service.ResgateService - Buscando todos os resgates
2026-01-20 17:24:58.959 [Thread-4] INFO  com.saciar.service.ResgateService - Buscando prêmios disponíveis
2026-01-20 17:24:58.959 [Thread-3] INFO  com.saciar.service.HttpClient - GET http://localhost:8000/redeems/
2026-01-20 17:24:58.959 [Thread-4] INFO  com.saciar.service.HttpClient - GET http://localhost:8000/prizes
2026-01-20 17:24:58.966 [JavaFX Application Thread] INFO  c.saciar.controller.MainController - View de resgates carregada
2026-01-20 17:24:58.987 [Thread-4] INFO  com.saciar.service.ResgateService - 4 prêmios encontrados
2026-01-20 17:24:58.988 [Thread-4] INFO  c.s.controller.ResgateController - 4 prêmios carregados
2026-01-20 17:24:59.005 [Thread-3] INFO  com.saciar.service.ResgateService - 3 resgates encontrados
2026-01-20 17:25:06.590 [Thread-5] INFO  com.saciar.service.ResgateService - Buscando prêmios disponíveis
2026-01-20 17:25:06.591 [Thread-5] INFO  com.saciar.service.HttpClient - Cache hit: /prizes
2026-01-20 17:25:06.593 [Thread-5] INFO  com.saciar.service.ResgateService - 4 prêmios encontrados
2026-01-20 17:25:06.593 [Thread-5] INFO  c.s.controller.ResgateController - 4 prêmios carregados
2026-01-20 17:26:57.435 [JavaFX Application Thread] INFO  com.saciar.SaciarApplication - Iniciando aplicação SACIAR...
2026-01-20 17:26:58.309 [JavaFX Application Thread] INFO  c.saciar.controller.MainController - View de clientes carregada
2026-01-20 17:26:58.308 [Thread-2] INFO  com.saciar.service.ClienteService - Buscando todos os clientes
2026-01-20 17:26:58.355 [Thread-2] INFO  com.saciar.service.HttpClient - GET http://localhost:8000/clientes
2026-01-20 17:26:58.463 [JavaFX Application Thread] WARN  com.saciar.SaciarApplication - Ícone não encontrado
2026-01-20 17:26:58.585 [Thread-2] INFO  com.saciar.service.ClienteService - 5 clientes encontrados
2026-01-20 17:26:58.996 [JavaFX Application Thread] INFO  com.saciar.SaciarApplication - Aplicação iniciada com sucesso!
2026-01-20 17:30:41.113 [Thread-3] INFO  com.saciar.service.ResgateService - Buscando todos os resgates
2026-01-20 17:30:41.114 [Thread-4] INFO  com.saciar.service.ResgateService - Buscando prêmios disponíveis
2026-01-20 17:30:41.115 [Thread-4] INFO  com.saciar.service.HttpClient - GET http://localhost:8000/prizes
2026-01-20 17:30:41.115 [Thread-3] INFO  com.saciar.service.HttpClient - GET http://localhost:8000/redeems/
2026-01-20 17:30:41.119 [JavaFX Application Thread] INFO  c.saciar.controller.MainController - View de resgates carregada
2026-01-20 17:30:41.166 [Thread-4] INFO  com.saciar.service.ResgateService - 4 prêmios encontrados
2026-01-20 17:30:41.166 [Thread-4] INFO  c.s.controller.ResgateController - 4 prêmios carregados
2026-01-20 17:30:41.174 [Thread-3] INFO  com.saciar.service.ResgateService - 3 resgates encontrados
2026-01-20 17:33:15.885 [JavaFX Application Thread] INFO  com.saciar.SaciarApplication - Iniciando aplicação SACIAR...
2026-01-20 17:33:16.864 [Thread-2] INFO  com.saciar.service.ClienteService - Buscando todos os clientes
2026-01-20 17:33:16.865 [JavaFX Application Thread] INFO  c.saciar.controller.MainController - View de clientes carregada
2026-01-20 17:33:16.900 [Thread-2] INFO  com.saciar.service.HttpClient - GET http://localhost:8000/clientes
2026-01-20 17:33:17.011 [JavaFX Application Thread] WARN  com.saciar.SaciarApplication - Ícone não encontrado
2026-01-20 17:33:17.124 [Thread-2] INFO  com.saciar.service.ClienteService - 5 clientes encontrados
2026-01-20 17:33:17.529 [JavaFX Application Thread] INFO  com.saciar.SaciarApplication - Aplicação iniciada com sucesso!
2026-01-20 17:33:51.572 [Thread-3] INFO  com.saciar.service.ResgateService - Buscando todos os resgates
2026-01-20 17:33:51.573 [Thread-4] INFO  com.saciar.service.ResgateService - Buscando prêmios disponíveis
2026-01-20 17:33:51.574 [Thread-3] INFO  com.saciar.service.HttpClient - GET http://localhost:8000/redeems/
2026-01-20 17:33:51.574 [Thread-4] INFO  com.saciar.service.HttpClient - GET http://localhost:8000/prizes
2026-01-20 17:33:51.579 [JavaFX Application Thread] INFO  c.saciar.controller.MainController - View de resgates carregada
2026-01-20 17:33:51.622 [Thread-4] INFO  com.saciar.service.ResgateService - 4 prêmios encontrados
2026-01-20 17:33:51.623 [Thread-4] INFO  c.s.controller.ResgateController - 4 prêmios carregados
2026-01-20 17:33:51.637 [Thread-3] INFO  com.saciar.service.ResgateService - 3 resgates encontrados
2026-01-20 17:35:14.759 [JavaFX Application Thread] INFO  com.saciar.SaciarApplication - Iniciando aplicação SACIAR...
2026-01-20 17:35:16.382 [Thread-2] INFO  com.saciar.service.ClienteService - Buscando todos os clientes
2026-01-20 17:35:16.382 [JavaFX Application Thread] INFO  c.saciar.controller.MainController - View de clientes carregada
2026-01-20 17:35:16.447 [Thread-2] INFO  com.saciar.service.HttpClient - GET http://localhost:8000/clientes
2026-01-20 17:35:16.596 [JavaFX Application Thread] WARN  com.saciar.SaciarApplication - Ícone não encontrado
2026-01-20 17:35:16.743 [Thread-2] INFO  com.saciar.service.ClienteService - 5 clientes encontrados
2026-01-20 17:35:17.360 [JavaFX Application Thread] INFO  com.saciar.SaciarApplication - Aplicação iniciada com sucesso!
2026-01-20 17:36:07.211 [Thread-3] INFO  com.saciar.service.ResgateService - Buscando todos os resgates
2026-01-20 17:36:07.212 [Thread-4] INFO  com.saciar.service.ResgateService - Buscando prêmios disponíveis
2026-01-20 17:36:07.213 [Thread-3] INFO  com.saciar.service.HttpClient - GET http://localhost:8000/redeems/
2026-01-20 17:36:07.213 [Thread-4] INFO  com.saciar.service.HttpClient - GET http://localhost:8000/prizes
2026-01-20 17:36:07.217 [JavaFX Application Thread] INFO  c.saciar.controller.MainController - View de resgates carregada
2026-01-20 17:36:07.235 [Thread-4] INFO  com.saciar.service.ResgateService - 4 prêmios encontrados
2026-01-20 17:36:07.236 [Thread-4] INFO  c.s.controller.ResgateController - 4 prêmios carregados
2026-01-20 17:36:07.246 [Thread-3] INFO  com.saciar.service.ResgateService - 3 resgates encontrados
2026-01-20 17:36:23.375 [Thread-5] INFO  com.saciar.service.ResgateService - Criando prêmio: GANHOU NADA KKK
2026-01-20 17:36:23.386 [Thread-5] INFO  com.saciar.service.HttpClient - POST http://localhost:8000/prizes
2026-01-20 17:36:23.400 [Thread-5] ERROR com.saciar.service.HttpClient - Erro HTTP 405: {"detail":"Method Not Allowed"}
2026-01-20 17:38:41.823 [Thread-6] INFO  com.saciar.service.ResgateService - Buscando prêmios disponíveis
2026-01-20 17:38:41.830 [Thread-6] INFO  com.saciar.service.HttpClient - GET http://localhost:8000/prizes
2026-01-20 17:38:41.974 [Thread-6] INFO  com.saciar.service.ResgateService - 4 prêmios encontrados
2026-01-20 17:38:41.974 [Thread-6] INFO  c.s.controller.ResgateController - 4 prêmios carregados
2026-01-20 17:38:42.649 [JavaFX Application Thread] INFO  com.saciar.SaciarApplication - Encerrando aplicação...
2026-01-20 17:40:20.741 [JavaFX Application Thread] INFO  com.saciar.SaciarApplication - Iniciando aplicação SACIAR...
2026-01-20 17:40:21.649 [JavaFX Application Thread] INFO  c.saciar.controller.MainController - View de clientes carregada
2026-01-20 17:40:21.649 [Thread-2] INFO  com.saciar.service.ClienteService - Buscando todos os clientes
2026-01-20 17:40:21.711 [Thread-2] INFO  com.saciar.service.HttpClient - GET http://localhost:8000/clientes
2026-01-20 17:40:21.781 [JavaFX Application Thread] WARN  com.saciar.SaciarApplication - Ícone não encontrado
2026-01-20 17:40:21.910 [Thread-2] INFO  com.saciar.service.ClienteService - 5 clientes encontrados
2026-01-20 17:40:22.306 [JavaFX Application Thread] INFO  com.saciar.SaciarApplication - Aplicação iniciada com sucesso!
2026-01-20 17:40:56.878 [Thread-4] INFO  com.saciar.service.ResgateService - Buscando prêmios disponíveis
2026-01-20 17:40:56.877 [Thread-3] INFO  com.saciar.service.ResgateService - Buscando todos os resgates
2026-01-20 17:40:56.879 [Thread-4] INFO  com.saciar.service.HttpClient - GET http://localhost:8000/prizes
2026-01-20 17:40:56.879 [Thread-3] INFO  com.saciar.service.HttpClient - GET http://localhost:8000/redeems/
2026-01-20 17:40:56.884 [JavaFX Application Thread] INFO  c.saciar.controller.MainController - View de resgates carregada
2026-01-20 17:40:56.944 [Thread-4] INFO  com.saciar.service.ResgateService - 4 prêmios encontrados
2026-01-20 17:40:56.945 [Thread-4] INFO  c.s.controller.ResgateController - 4 prêmios carregados
2026-01-20 17:40:56.965 [Thread-3] INFO  com.saciar.service.ResgateService - 3 resgates encontrados
2026-01-20 17:41:05.307 [Thread-5] INFO  com.saciar.service.ResgateService - Atualizando lista de prêmios: 5 itens
2026-01-20 17:41:05.340 [Thread-5] INFO  com.saciar.service.HttpClient - PUT http://localhost:8000/prizes
2026-01-20 17:41:05.377 [Thread-5] INFO  com.saciar.service.HttpClient - Cache invalidado para: prizes
2026-01-20 17:41:05.378 [Thread-5] INFO  com.saciar.service.ResgateService - Lista de prêmios atualizada com sucesso
2026-01-20 17:41:09.770 [Thread-6] INFO  com.saciar.service.ResgateService - Atualizando lista de prêmios: 4 itens
2026-01-20 17:41:09.772 [Thread-6] INFO  com.saciar.service.HttpClient - PUT http://localhost:8000/prizes
2026-01-20 17:41:09.789 [Thread-6] INFO  com.saciar.service.HttpClient - Cache invalidado para: prizes
2026-01-20 17:41:09.790 [Thread-6] INFO  com.saciar.service.ResgateService - Lista de prêmios atualizada com sucesso
2026-01-20 17:41:15.576 [Thread-7] INFO  com.saciar.service.ResgateService - Atualizando lista de prêmios: 5 itens
2026-01-20 17:41:15.578 [Thread-7] INFO  com.saciar.service.HttpClient - PUT http://localhost:8000/prizes
2026-01-20 17:41:15.598 [Thread-7] INFO  com.saciar.service.HttpClient - Cache invalidado para: prizes
2026-01-20 17:41:15.599 [Thread-7] INFO  com.saciar.service.ResgateService - Lista de prêmios atualizada com sucesso
2026-01-20 17:41:19.884 [Thread-8] INFO  com.saciar.service.ResgateService - Buscando prêmios disponíveis
2026-01-20 17:41:19.885 [Thread-8] INFO  com.saciar.service.HttpClient - GET http://localhost:8000/prizes
2026-01-20 17:41:19.908 [Thread-8] INFO  com.saciar.service.ResgateService - 5 prêmios encontrados
2026-01-20 17:41:19.909 [Thread-8] INFO  c.s.controller.ResgateController - 5 prêmios carregados
2026-01-20 17:41:25.396 [Thread-9] INFO  com.saciar.service.CompraService - Buscando todas as compras
2026-01-20 17:41:25.397 [Thread-9] INFO  com.saciar.service.HttpClient - GET http://localhost:8000/purchase/
2026-01-20 17:41:25.400 [JavaFX Application Thread] INFO  c.saciar.controller.MainController - View de compras carregada
2026-01-20 17:41:25.421 [Thread-9] INFO  com.saciar.service.CompraService - 6 compras encontradas
2026-01-20 17:41:26.567 [Thread-10] INFO  com.saciar.service.ClienteService - Buscando todos os clientes
2026-01-20 17:41:26.568 [Thread-10] INFO  com.saciar.service.HttpClient - GET http://localhost:8000/clientes
2026-01-20 17:41:26.568 [JavaFX Application Thread] INFO  c.saciar.controller.MainController - View de clientes carregada
2026-01-20 17:41:26.581 [Thread-10] INFO  com.saciar.service.ClienteService - 5 clientes encontrados
2026-01-20 17:41:27.045 [Thread-11] INFO  com.saciar.service.CompraService - Buscando todas as compras
2026-01-20 17:41:27.051 [JavaFX Application Thread] INFO  c.saciar.controller.MainController - View de compras carregada
2026-01-20 17:41:27.051 [Thread-11] INFO  com.saciar.service.HttpClient - Cache hit: /purchase/
2026-01-20 17:41:27.060 [Thread-11] INFO  com.saciar.service.CompraService - 6 compras encontradas
2026-01-20 17:41:28.590 [Thread-12] INFO  com.saciar.service.ClienteService - Buscando todos os clientes
2026-01-20 17:41:28.591 [Thread-12] INFO  com.saciar.service.HttpClient - Cache hit: /clientes
2026-01-20 17:41:28.592 [JavaFX Application Thread] INFO  c.saciar.controller.MainController - View de clientes carregada
2026-01-20 17:41:28.601 [Thread-12] INFO  com.saciar.service.ClienteService - 5 clientes encontrados
2026-01-20 17:41:36.565 [Thread-13] INFO  com.saciar.service.ClienteService - Atualizando cliente: Iago
2026-01-20 17:41:36.571 [Thread-13] INFO  com.saciar.service.HttpClient - PUT http://localhost:8000/clientes/6927d9a2f9f1bb4159b2c2b4
2026-01-20 17:41:36.621 [Thread-13] INFO  com.saciar.service.HttpClient - Cache invalidado para: clientes
2026-01-20 17:41:36.622 [Thread-13] INFO  com.saciar.service.ClienteService - Cliente atualizado com sucesso
2026-01-20 17:41:38.243 [Thread-14] INFO  com.saciar.service.ClienteService - Buscando todos os clientes
2026-01-20 17:41:38.244 [Thread-14] INFO  com.saciar.service.HttpClient - GET http://localhost:8000/clientes
2026-01-20 17:41:38.258 [Thread-14] INFO  com.saciar.service.ClienteService - 5 clientes encontrados
2026-01-20 17:41:40.108 [Thread-15] INFO  com.saciar.service.CompraService - Buscando todas as compras
2026-01-20 17:41:40.109 [Thread-15] INFO  com.saciar.service.HttpClient - Cache hit: /purchase/
2026-01-20 17:41:40.110 [JavaFX Application Thread] INFO  c.saciar.controller.MainController - View de compras carregada
2026-01-20 17:41:40.118 [Thread-15] INFO  com.saciar.service.CompraService - 6 compras encontradas
2026-01-20 17:41:41.234 [Thread-16] INFO  com.saciar.service.ResgateService - Buscando todos os resgates
2026-01-20 17:41:41.235 [Thread-17] INFO  com.saciar.service.ResgateService - Buscando prêmios disponíveis
2026-01-20 17:41:41.235 [Thread-17] INFO  com.saciar.service.HttpClient - Cache hit: /prizes
2026-01-20 17:41:41.235 [Thread-16] INFO  com.saciar.service.HttpClient - GET http://localhost:8000/redeems/
2026-01-20 17:41:41.237 [JavaFX Application Thread] INFO  c.saciar.controller.MainController - View de resgates carregada
2026-01-20 17:41:41.240 [Thread-17] INFO  com.saciar.service.ResgateService - 5 prêmios encontrados
2026-01-20 17:41:41.240 [Thread-17] INFO  c.s.controller.ResgateController - 5 prêmios carregados
2026-01-20 17:41:41.248 [Thread-16] INFO  com.saciar.service.ResgateService - 3 resgates encontrados
2026-01-20 17:41:49.532 [Thread-18] INFO  com.saciar.service.ResgateService - Registrando resgate para: 11111111111
2026-01-20 17:41:49.533 [Thread-18] INFO  com.saciar.service.HttpClient - POST http://localhost:8000/redeems/
2026-01-20 17:41:49.580 [Thread-18] INFO  com.saciar.service.HttpClient - Cache invalidado para: redeems
2026-01-20 17:41:49.584 [Thread-18] ERROR com.saciar.service.ResgateService - Erro ao converter resgate: Unrecognized field "success" (class com.saciar.model.Resgate), not marked as ignorable (7 known properties: "premio", "pontos", "telefone", "id", "cliente_nome", "cliente_id", "created_at"])
 at [Source: UNKNOWN; byte offset: #UNKNOWN] (through reference chain: com.saciar.model.Resgate["success"])
2026-01-20 17:41:57.358 [Thread-19] INFO  com.saciar.service.ClienteService - Buscando todos os clientes
2026-01-20 17:41:57.358 [Thread-19] INFO  com.saciar.service.HttpClient - Cache hit: /clientes
2026-01-20 17:41:57.359 [JavaFX Application Thread] INFO  c.saciar.controller.MainController - View de clientes carregada
2026-01-20 17:41:57.366 [Thread-19] INFO  com.saciar.service.ClienteService - 5 clientes encontrados
2026-01-20 17:42:01.004 [Thread-20] INFO  com.saciar.service.ResgateService - Buscando todos os resgates
2026-01-20 17:42:01.004 [Thread-21] INFO  com.saciar.service.ResgateService - Buscando prêmios disponíveis
2026-01-20 17:42:01.005 [JavaFX Application Thread] INFO  c.saciar.controller.MainController - View de resgates carregada
2026-01-20 17:42:01.006 [Thread-21] INFO  com.saciar.service.HttpClient - GET http://localhost:8000/prizes
2026-01-20 17:42:01.006 [Thread-20] INFO  com.saciar.service.HttpClient - GET http://localhost:8000/redeems/
2026-01-20 17:42:01.025 [Thread-21] INFO  com.saciar.service.ResgateService - 5 prêmios encontrados
2026-01-20 17:42:01.026 [Thread-21] INFO  c.s.controller.ResgateController - 5 prêmios carregados
2026-01-20 17:42:01.043 [Thread-20] INFO  com.saciar.service.ResgateService - 3 resgates encontrados
2026-01-20 17:42:07.641 [Thread-22] INFO  com.saciar.service.ResgateService - Registrando resgate para: 33333333333
2026-01-20 17:42:07.642 [Thread-22] INFO  com.saciar.service.HttpClient - POST http://localhost:8000/redeems/
2026-01-20 17:42:07.690 [Thread-22] INFO  com.saciar.service.HttpClient - Cache invalidado para: redeems
2026-01-20 17:42:07.692 [Thread-22] ERROR com.saciar.service.ResgateService - Erro ao converter resgate: Unrecognized field "success" (class com.saciar.model.Resgate), not marked as ignorable (7 known properties: "premio", "pontos", "telefone", "id", "cliente_nome", "cliente_id", "created_at"])
 at [Source: UNKNOWN; byte offset: #UNKNOWN] (through reference chain: com.saciar.model.Resgate["success"])
2026-01-20 17:42:22.947 [Thread-23] INFO  com.saciar.service.ResgateService - Buscando todos os resgates
2026-01-20 17:42:22.947 [Thread-24] INFO  com.saciar.service.ResgateService - Buscando prêmios disponíveis
2026-01-20 17:42:22.948 [Thread-23] INFO  com.saciar.service.HttpClient - GET http://localhost:8000/redeems/
2026-01-20 17:42:22.948 [Thread-24] INFO  com.saciar.service.HttpClient - Cache hit: /prizes
2026-01-20 17:42:22.949 [JavaFX Application Thread] INFO  c.saciar.controller.MainController - View de resgates carregada
2026-01-20 17:42:22.953 [Thread-24] INFO  com.saciar.service.ResgateService - 5 prêmios encontrados
2026-01-20 17:42:22.954 [Thread-24] INFO  c.s.controller.ResgateController - 5 prêmios carregados
2026-01-20 17:42:22.968 [Thread-23] INFO  com.saciar.service.ResgateService - 4 resgates encontrados
2026-01-20 17:43:14.484 [JavaFX Application Thread] INFO  com.saciar.SaciarApplication - Encerrando aplicação...
2026-01-20 17:43:20.442 [JavaFX Application Thread] INFO  com.saciar.SaciarApplication - Iniciando aplicação SACIAR...
2026-01-20 17:43:21.460 [JavaFX Application Thread] INFO  c.saciar.controller.MainController - View de clientes carregada
2026-01-20 17:43:21.460 [Thread-2] INFO  com.saciar.service.ClienteService - Buscando todos os clientes
2026-01-20 17:43:21.503 [Thread-2] INFO  com.saciar.service.HttpClient - GET http://localhost:8000/clientes
2026-01-20 17:43:21.591 [JavaFX Application Thread] WARN  com.saciar.SaciarApplication - Ícone não encontrado
2026-01-20 17:43:21.735 [Thread-2] INFO  com.saciar.service.ClienteService - 5 clientes encontrados
2026-01-20 17:43:22.245 [JavaFX Application Thread] INFO  com.saciar.SaciarApplication - Aplicação iniciada com sucesso!
2026-01-20 17:43:27.624 [Thread-3] INFO  com.saciar.service.ResgateService - Buscando todos os resgates
2026-01-20 17:43:27.624 [Thread-4] INFO  com.saciar.service.ResgateService - Buscando prêmios disponíveis
2026-01-20 17:43:27.625 [Thread-4] INFO  com.saciar.service.HttpClient - GET http://localhost:8000/prizes
2026-01-20 17:43:27.625 [Thread-3] INFO  com.saciar.service.HttpClient - GET http://localhost:8000/redeems/
2026-01-20 17:43:27.630 [JavaFX Application Thread] INFO  c.saciar.controller.MainController - View de resgates carregada
2026-01-20 17:43:27.694 [Thread-4] INFO  com.saciar.service.ResgateService - 5 prêmios encontrados
2026-01-20 17:43:27.694 [Thread-4] INFO  c.s.controller.ResgateController - 5 prêmios carregados
2026-01-20 17:43:27.712 [Thread-3] INFO  com.saciar.service.ResgateService - 4 resgates encontrados
2026-01-20 17:44:27.045 [Thread-5] INFO  com.saciar.service.ClienteService - Buscando todos os clientes
2026-01-20 17:44:27.046 [Thread-5] INFO  com.saciar.service.HttpClient - GET http://localhost:8000/clientes
2026-01-20 17:44:27.047 [JavaFX Application Thread] INFO  c.saciar.controller.MainController - View de clientes carregada
2026-01-20 17:44:27.107 [Thread-5] INFO  com.saciar.service.ClienteService - 5 clientes encontrados
2026-01-20 17:44:30.165 [Thread-6] INFO  com.saciar.service.ResgateService - Buscando todos os resgates
2026-01-20 17:44:30.165 [Thread-7] INFO  com.saciar.service.ResgateService - Buscando prêmios disponíveis
2026-01-20 17:44:30.166 [Thread-6] INFO  com.saciar.service.HttpClient - GET http://localhost:8000/redeems/
2026-01-20 17:44:30.166 [Thread-7] INFO  com.saciar.service.HttpClient - GET http://localhost:8000/prizes
2026-01-20 17:44:30.167 [JavaFX Application Thread] INFO  c.saciar.controller.MainController - View de resgates carregada
2026-01-20 17:44:30.183 [Thread-7] INFO  com.saciar.service.ResgateService - 5 prêmios encontrados
2026-01-20 17:44:30.184 [Thread-7] INFO  c.s.controller.ResgateController - 5 prêmios carregados
2026-01-20 17:44:30.203 [Thread-6] INFO  com.saciar.service.ResgateService - 4 resgates encontrados
2026-01-20 17:44:46.282 [Thread-8] INFO  com.saciar.service.ResgateService - Registrando resgate para: 44444444444
2026-01-20 17:44:46.296 [Thread-8] INFO  com.saciar.service.HttpClient - POST http://localhost:8000/redeems/
2026-01-20 17:44:46.391 [Thread-8] INFO  com.saciar.service.HttpClient - Cache invalidado para: redeems
2026-01-20 17:44:46.396 [Thread-8] ERROR com.saciar.service.ResgateService - Erro ao converter resgate: Unrecognized field "success" (class com.saciar.model.Resgate), not marked as ignorable (7 known properties: "premio", "pontos", "telefone", "id", "cliente_nome", "cliente_id", "created_at"])
 at [Source: UNKNOWN; byte offset: #UNKNOWN] (through reference chain: com.saciar.model.Resgate["success"])
2026-01-20 17:45:51.218 [JavaFX Application Thread] INFO  com.saciar.SaciarApplication - Iniciando aplicação SACIAR...
2026-01-20 17:45:52.175 [Thread-2] INFO  com.saciar.service.ClienteService - Buscando todos os clientes
2026-01-20 17:45:52.176 [JavaFX Application Thread] INFO  c.saciar.controller.MainController - View de clientes carregada
2026-01-20 17:45:52.223 [Thread-2] INFO  com.saciar.service.HttpClient - GET http://localhost:8000/clientes
2026-01-20 17:45:52.307 [JavaFX Application Thread] WARN  com.saciar.SaciarApplication - Ícone não encontrado
2026-01-20 17:45:52.436 [Thread-2] INFO  com.saciar.service.ClienteService - 5 clientes encontrados
2026-01-20 17:45:52.879 [JavaFX Application Thread] INFO  com.saciar.SaciarApplication - Aplicação iniciada com sucesso!
2026-01-20 17:46:03.917 [Thread-4] INFO  com.saciar.service.ResgateService - Buscando prêmios disponíveis
2026-01-20 17:46:03.917 [Thread-3] INFO  com.saciar.service.ResgateService - Buscando todos os resgates
2026-01-20 17:46:03.918 [Thread-4] INFO  com.saciar.service.HttpClient - GET http://localhost:8000/prizes
2026-01-20 17:46:03.918 [Thread-3] INFO  com.saciar.service.HttpClient - GET http://localhost:8000/redeems/
2026-01-20 17:46:03.922 [JavaFX Application Thread] INFO  c.saciar.controller.MainController - View de resgates carregada
2026-01-20 17:46:03.957 [Thread-4] INFO  com.saciar.service.ResgateService - 5 prêmios encontrados
2026-01-20 17:46:03.957 [Thread-4] INFO  c.s.controller.ResgateController - 5 prêmios carregados
2026-01-20 17:46:03.970 [Thread-3] INFO  com.saciar.service.ResgateService - 5 resgates encontrados
2026-01-20 17:46:16.037 [Thread-5] INFO  com.saciar.service.ResgateService - Atualizando lista de prêmios: 6 itens
2026-01-20 17:46:16.076 [Thread-5] INFO  com.saciar.service.HttpClient - PUT http://localhost:8000/prizes
2026-01-20 17:46:16.157 [Thread-5] INFO  com.saciar.service.HttpClient - Cache invalidado para: prizes
2026-01-20 17:46:16.158 [Thread-5] INFO  com.saciar.service.ResgateService - Lista de prêmios atualizada com sucesso
2026-01-20 17:46:19.090 [Thread-6] INFO  com.saciar.service.ResgateService - Buscando prêmios disponíveis
2026-01-20 17:46:19.092 [Thread-6] INFO  com.saciar.service.HttpClient - GET http://localhost:8000/prizes
2026-01-20 17:46:19.114 [Thread-6] INFO  com.saciar.service.ResgateService - 6 prêmios encontrados
2026-01-20 17:46:19.115 [Thread-6] INFO  c.s.controller.ResgateController - 6 prêmios carregados
2026-01-20 17:46:30.566 [Thread-7] INFO  com.saciar.service.ClienteService - Buscando todos os clientes
2026-01-20 17:46:30.567 [Thread-7] INFO  com.saciar.service.HttpClient - GET http://localhost:8000/clientes
2026-01-20 17:46:30.569 [JavaFX Application Thread] INFO  c.saciar.controller.MainController - View de clientes carregada
2026-01-20 17:46:30.593 [Thread-7] INFO  com.saciar.service.ClienteService - 5 clientes encontrados
2026-01-20 17:46:34.815 [Thread-8] INFO  com.saciar.service.ResgateService - Buscando todos os resgates
2026-01-20 17:46:34.815 [Thread-9] INFO  com.saciar.service.ResgateService - Buscando prêmios disponíveis
2026-01-20 17:46:34.815 [Thread-9] INFO  com.saciar.service.HttpClient - Cache hit: /prizes
2026-01-20 17:46:34.815 [Thread-8] INFO  com.saciar.service.HttpClient - GET http://localhost:8000/redeems/
2026-01-20 17:46:34.818 [JavaFX Application Thread] INFO  c.saciar.controller.MainController - View de resgates carregada
2026-01-20 17:46:34.824 [Thread-9] INFO  com.saciar.service.ResgateService - 6 prêmios encontrados
2026-01-20 17:46:34.824 [Thread-9] INFO  c.s.controller.ResgateController - 6 prêmios carregados
2026-01-20 17:46:34.858 [Thread-8] INFO  com.saciar.service.ResgateService - 5 resgates encontrados
2026-01-20 17:46:42.995 [Thread-10] INFO  com.saciar.service.ResgateService - Registrando resgate para: 77777777777
2026-01-20 17:46:43.000 [Thread-10] INFO  com.saciar.service.HttpClient - POST http://localhost:8000/redeems/
2026-01-20 17:46:43.214 [Thread-10] INFO  com.saciar.service.HttpClient - Cache invalidado para: redeems
2026-01-20 17:46:43.231 [Thread-10] ERROR com.saciar.service.ResgateService - Erro ao converter resgate: Unrecognized field "success" (class com.saciar.model.Resgate), not marked as ignorable (7 known properties: "premio", "pontos", "telefone", "id", "cliente_nome", "cliente_id", "created_at"])
 at [Source: UNKNOWN; byte offset: #UNKNOWN] (through reference chain: com.saciar.model.Resgate["success"])
2026-01-20 17:50:17.733 [JavaFX Application Thread] INFO  com.saciar.SaciarApplication - Iniciando aplicação SACIAR...
2026-01-20 17:50:18.703 [Thread-2] INFO  com.saciar.service.ClienteService - Buscando todos os clientes
2026-01-20 17:50:18.703 [JavaFX Application Thread] INFO  c.saciar.controller.MainController - View de clientes carregada
2026-01-20 17:50:18.752 [Thread-2] INFO  com.saciar.service.HttpClient - GET http://localhost:8000/clientes
2026-01-20 17:50:18.860 [JavaFX Application Thread] WARN  com.saciar.SaciarApplication - Ícone não encontrado
2026-01-20 17:50:19.010 [Thread-2] INFO  com.saciar.service.ClienteService - 5 clientes encontrados
2026-01-20 17:50:19.422 [JavaFX Application Thread] INFO  com.saciar.SaciarApplication - Aplicação iniciada com sucesso!
2026-01-20 17:50:28.837 [Thread-3] INFO  com.saciar.service.ResgateService - Buscando todos os resgates
2026-01-20 17:50:28.838 [Thread-4] INFO  com.saciar.service.ResgateService - Buscando prêmios disponíveis
2026-01-20 17:50:28.839 [Thread-4] INFO  com.saciar.service.HttpClient - GET http://localhost:8000/prizes
2026-01-20 17:50:28.839 [Thread-3] INFO  com.saciar.service.HttpClient - GET http://localhost:8000/redeems/
2026-01-20 17:50:28.844 [JavaFX Application Thread] INFO  c.saciar.controller.MainController - View de resgates carregada
2026-01-20 17:50:28.909 [Thread-4] INFO  com.saciar.service.ResgateService - 6 prêmios encontrados
2026-01-20 17:50:28.910 [Thread-4] INFO  c.s.controller.ResgateController - 6 prêmios carregados
2026-01-20 17:50:28.935 [Thread-3] ERROR com.saciar.service.ResgateService - Erro ao converter resgates: Unrecognized field "id" (class com.saciar.model.Resgate), not marked as ignorable (8 known properties: "premio", "updated_at", "pontos", "_id", "cliente_nome", "cliente_telefone", "cliente_id", "created_at"])
 at [Source: UNKNOWN; byte offset: #UNKNOWN] (through reference chain: java.util.ArrayList[0]->com.saciar.model.Resgate["id"])
2026-01-20 17:50:29.997 [Thread-5] INFO  com.saciar.service.ClienteService - Buscando todos os clientes
2026-01-20 17:50:29.998 [Thread-5] INFO  com.saciar.service.HttpClient - Cache hit: /clientes
2026-01-20 17:50:29.999 [JavaFX Application Thread] INFO  c.saciar.controller.MainController - View de clientes carregada
2026-01-20 17:50:30.007 [Thread-5] INFO  com.saciar.service.ClienteService - 5 clientes encontrados
2026-01-20 17:50:34.701 [Thread-6] INFO  com.saciar.service.ResgateService - Buscando todos os resgates
2026-01-20 17:50:34.702 [Thread-7] INFO  com.saciar.service.ResgateService - Buscando prêmios disponíveis
2026-01-20 17:50:34.702 [Thread-6] INFO  com.saciar.service.HttpClient - Cache hit: /redeems/
2026-01-20 17:50:34.702 [Thread-7] INFO  com.saciar.service.HttpClient - Cache hit: /prizes
2026-01-20 17:50:34.705 [JavaFX Application Thread] INFO  c.saciar.controller.MainController - View de resgates carregada
2026-01-20 17:50:34.707 [Thread-6] ERROR com.saciar.service.ResgateService - Erro ao converter resgates: Unrecognized field "id" (class com.saciar.model.Resgate), not marked as ignorable (8 known properties: "premio", "updated_at", "pontos", "_id", "cliente_nome", "cliente_telefone", "cliente_id", "created_at"])
 at [Source: UNKNOWN; byte offset: #UNKNOWN] (through reference chain: java.util.ArrayList[0]->com.saciar.model.Resgate["id"])
2026-01-20 17:50:34.709 [Thread-7] INFO  com.saciar.service.ResgateService - 6 prêmios encontrados
2026-01-20 17:50:34.712 [Thread-7] INFO  c.s.controller.ResgateController - 6 prêmios carregados
2026-01-20 17:50:41.812 [Thread-8] INFO  com.saciar.service.ResgateService - Atualizando lista de prêmios: 7 itens
2026-01-20 17:50:41.847 [Thread-8] INFO  com.saciar.service.HttpClient - PUT http://localhost:8000/prizes
2026-01-20 17:50:41.972 [Thread-8] INFO  com.saciar.service.HttpClient - Cache invalidado para: prizes
2026-01-20 17:50:41.974 [Thread-8] INFO  com.saciar.service.ResgateService - Lista de prêmios atualizada com sucesso
2026-01-20 17:50:43.857 [Thread-9] INFO  com.saciar.service.ResgateService - Buscando prêmios disponíveis
2026-01-20 17:50:43.859 [Thread-9] INFO  com.saciar.service.HttpClient - GET http://localhost:8000/prizes
2026-01-20 17:50:43.918 [Thread-9] INFO  com.saciar.service.ResgateService - 7 prêmios encontrados
2026-01-20 17:50:43.918 [Thread-9] INFO  c.s.controller.ResgateController - 7 prêmios carregados
2026-01-20 17:50:51.905 [Thread-10] INFO  com.saciar.service.ResgateService - Registrando resgate para: 11111111111
2026-01-20 17:50:51.909 [Thread-10] INFO  com.saciar.service.HttpClient - POST http://localhost:8000/redeems/
2026-01-20 17:50:52.034 [Thread-10] INFO  com.saciar.service.HttpClient - Cache invalidado para: redeems
2026-01-20 17:50:52.041 [Thread-10] INFO  com.saciar.service.ResgateService - Resgate registrado com sucesso: ID 696feaacd58ff74e1cf164dc
2026-01-20 17:50:53.195 [Thread-11] INFO  com.saciar.service.ResgateService - Buscando todos os resgates
2026-01-20 17:50:53.197 [Thread-11] INFO  com.saciar.service.HttpClient - GET http://localhost:8000/redeems/
2026-01-20 17:50:53.255 [Thread-11] ERROR com.saciar.service.ResgateService - Erro ao converter resgates: Unrecognized field "id" (class com.saciar.model.Resgate), not marked as ignorable (8 known properties: "premio", "updated_at", "pontos", "_id", "cliente_nome", "cliente_telefone", "cliente_id", "created_at"])
 at [Source: UNKNOWN; byte offset: #UNKNOWN] (through reference chain: java.util.ArrayList[0]->com.saciar.model.Resgate["id"])
2026-01-20 17:50:55.434 [JavaFX Application Thread] INFO  c.saciar.controller.MainController - View de resgates carregada
2026-01-20 17:50:55.433 [Thread-12] INFO  com.saciar.service.ResgateService - Buscando todos os resgates
2026-01-20 17:50:55.433 [Thread-13] INFO  com.saciar.service.ResgateService - Buscando prêmios disponíveis
2026-01-20 17:50:55.434 [Thread-12] INFO  com.saciar.service.HttpClient - Cache hit: /redeems/
2026-01-20 17:50:55.434 [Thread-13] INFO  com.saciar.service.HttpClient - Cache hit: /prizes
2026-01-20 17:50:55.450 [Thread-12] ERROR com.saciar.service.ResgateService - Erro ao converter resgates: Unrecognized field "id" (class com.saciar.model.Resgate), not marked as ignorable (8 known properties: "premio", "updated_at", "pontos", "_id", "cliente_nome", "cliente_telefone", "cliente_id", "created_at"])
 at [Source: UNKNOWN; byte offset: #UNKNOWN] (through reference chain: java.util.ArrayList[0]->com.saciar.model.Resgate["id"])
2026-01-20 17:50:55.452 [Thread-13] INFO  com.saciar.service.ResgateService - 7 prêmios encontrados
2026-01-20 17:50:55.452 [Thread-13] INFO  c.s.controller.ResgateController - 7 prêmios carregados
2026-01-20 17:50:56.027 [Thread-14] INFO  com.saciar.service.ResgateService - Buscando todos os resgates
2026-01-20 17:50:56.027 [Thread-14] INFO  com.saciar.service.HttpClient - Cache hit: /redeems/
2026-01-20 17:50:56.027 [Thread-15] INFO  com.saciar.service.ResgateService - Buscando prêmios disponíveis
2026-01-20 17:50:56.027 [Thread-15] INFO  com.saciar.service.HttpClient - Cache hit: /prizes
2026-01-20 17:50:56.028 [JavaFX Application Thread] INFO  c.saciar.controller.MainController - View de resgates carregada
2026-01-20 17:50:56.031 [Thread-14] ERROR com.saciar.service.ResgateService - Erro ao converter resgates: Unrecognized field "id" (class com.saciar.model.Resgate), not marked as ignorable (8 known properties: "premio", "updated_at", "pontos", "_id", "cliente_nome", "cliente_telefone", "cliente_id", "created_at"])
 at [Source: UNKNOWN; byte offset: #UNKNOWN] (through reference chain: java.util.ArrayList[0]->com.saciar.model.Resgate["id"])
2026-01-20 17:50:56.034 [Thread-15] INFO  com.saciar.service.ResgateService - 7 prêmios encontrados
2026-01-20 17:50:56.034 [Thread-15] INFO  c.s.controller.ResgateController - 7 prêmios carregados
2026-01-20 17:52:37.025 [JavaFX Application Thread] INFO  com.saciar.SaciarApplication - Iniciando aplicação SACIAR...
2026-01-20 17:52:37.968 [Thread-2] INFO  com.saciar.service.ClienteService - Buscando todos os clientes
2026-01-20 17:52:37.969 [JavaFX Application Thread] INFO  c.saciar.controller.MainController - View de clientes carregada
2026-01-20 17:52:38.015 [Thread-2] INFO  com.saciar.service.HttpClient - GET http://localhost:8000/clientes
2026-01-20 17:52:38.110 [JavaFX Application Thread] WARN  com.saciar.SaciarApplication - Ícone não encontrado
2026-01-20 17:52:38.264 [Thread-2] INFO  com.saciar.service.ClienteService - 5 clientes encontrados
2026-01-20 17:52:38.683 [JavaFX Application Thread] INFO  com.saciar.SaciarApplication - Aplicação iniciada com sucesso!
2026-01-20 17:53:05.075 [Thread-3] INFO  com.saciar.service.ResgateService - Buscando todos os resgates
2026-01-20 17:53:05.075 [Thread-4] INFO  com.saciar.service.ResgateService - Buscando prêmios disponíveis
2026-01-20 17:53:05.076 [Thread-4] INFO  com.saciar.service.HttpClient - GET http://localhost:8000/prizes
2026-01-20 17:53:05.076 [Thread-3] INFO  com.saciar.service.HttpClient - GET http://localhost:8000/redeems/
2026-01-20 17:53:05.084 [JavaFX Application Thread] INFO  c.saciar.controller.MainController - View de resgates carregada
2026-01-20 17:53:05.143 [Thread-4] INFO  com.saciar.service.ResgateService - 7 prêmios encontrados
2026-01-20 17:53:05.143 [Thread-4] INFO  c.s.controller.ResgateController - 7 prêmios carregados
2026-01-20 17:53:05.171 [Thread-3] INFO  com.saciar.service.ResgateService - 7 resgates encontrados
2026-01-20 17:53:05.613 [Thread-5] INFO  com.saciar.service.CompraService - Buscando todas as compras
2026-01-20 17:53:05.614 [Thread-5] INFO  com.saciar.service.HttpClient - GET http://localhost:8000/purchase/
2026-01-20 17:53:05.619 [JavaFX Application Thread] INFO  c.saciar.controller.MainController - View de compras carregada
2026-01-20 17:53:05.643 [Thread-5] INFO  com.saciar.service.CompraService - 6 compras encontradas
2026-01-20 17:53:05.893 [Thread-6] INFO  com.saciar.service.ClienteService - Buscando todos os clientes
2026-01-20 17:53:05.894 [Thread-6] INFO  com.saciar.service.HttpClient - Cache hit: /clientes
2026-01-20 17:53:05.896 [JavaFX Application Thread] INFO  c.saciar.controller.MainController - View de clientes carregada
2026-01-20 17:53:05.905 [Thread-6] INFO  com.saciar.service.ClienteService - 5 clientes encontrados
2026-01-20 17:53:18.400 [Thread-7] INFO  com.saciar.service.ClienteService - Atualizando cliente: Iago
2026-01-20 17:53:18.411 [Thread-7] INFO  com.saciar.service.HttpClient - PUT http://localhost:8000/clientes/696fb2e9f8ab370297735043
2026-01-20 17:53:18.522 [Thread-7] INFO  com.saciar.service.HttpClient - Cache invalidado para: clientes
2026-01-20 17:53:18.523 [Thread-7] INFO  com.saciar.service.ClienteService - Cliente atualizado com sucesso
2026-01-20 17:53:19.561 [Thread-8] INFO  com.saciar.service.ClienteService - Buscando todos os clientes
2026-01-20 17:53:19.562 [Thread-8] INFO  com.saciar.service.HttpClient - GET http://localhost:8000/clientes
2026-01-20 17:53:19.584 [Thread-8] INFO  com.saciar.service.ClienteService - 5 clientes encontrados
2026-01-20 17:53:22.783 [Thread-9] INFO  com.saciar.service.ResgateService - Buscando todos os resgates
2026-01-20 17:53:22.784 [Thread-9] INFO  com.saciar.service.HttpClient - Cache hit: /redeems/
2026-01-20 17:53:22.784 [Thread-10] INFO  com.saciar.service.ResgateService - Buscando prêmios disponíveis
2026-01-20 17:53:22.785 [Thread-10] INFO  com.saciar.service.HttpClient - Cache hit: /prizes
2026-01-20 17:53:22.787 [JavaFX Application Thread] INFO  c.saciar.controller.MainController - View de resgates carregada
2026-01-20 17:53:22.789 [Thread-10] INFO  com.saciar.service.ResgateService - 7 prêmios encontrados
2026-01-20 17:53:22.790 [Thread-10] INFO  c.s.controller.ResgateController - 7 prêmios carregados
2026-01-20 17:53:22.795 [Thread-9] INFO  com.saciar.service.ResgateService - 7 resgates encontrados
2026-01-20 17:53:30.982 [Thread-11] INFO  com.saciar.service.ResgateService - Atualizando lista de prêmios: 8 itens
2026-01-20 17:53:31.012 [Thread-11] INFO  com.saciar.service.HttpClient - PUT http://localhost:8000/prizes
2026-01-20 17:53:31.085 [Thread-11] INFO  com.saciar.service.HttpClient - Cache invalidado para: prizes
2026-01-20 17:53:31.086 [Thread-11] INFO  com.saciar.service.ResgateService - Lista de prêmios atualizada com sucesso
2026-01-20 17:53:33.392 [Thread-12] INFO  com.saciar.service.ResgateService - Buscando prêmios disponíveis
2026-01-20 17:53:33.394 [Thread-12] INFO  com.saciar.service.HttpClient - GET http://localhost:8000/prizes
2026-01-20 17:53:33.422 [Thread-12] INFO  com.saciar.service.ResgateService - 8 prêmios encontrados
2026-01-20 17:53:33.422 [Thread-12] INFO  c.s.controller.ResgateController - 8 prêmios carregados
2026-01-20 17:53:40.361 [Thread-13] INFO  com.saciar.service.ResgateService - Registrando resgate para: 11111111111
2026-01-20 17:53:40.363 [Thread-13] INFO  com.saciar.service.HttpClient - POST http://localhost:8000/redeems/
2026-01-20 17:53:40.398 [Thread-13] INFO  com.saciar.service.HttpClient - Cache invalidado para: redeems
2026-01-20 17:53:40.406 [Thread-13] ERROR com.saciar.service.ResgateService - Erro ao converter resgate: Unrecognized field "cliente_telefone" (class com.saciar.model.Resgate), not marked as ignorable (8 known properties: "premio", "updated_at", "pontos", "telefone", "id", "cliente_nome", "cliente_id", "created_at"])
 at [Source: UNKNOWN; byte offset: #UNKNOWN] (through reference chain: com.saciar.model.Resgate["cliente_telefone"])
2026-01-20 17:53:46.961 [Thread-15] INFO  com.saciar.service.ResgateService - Buscando prêmios disponíveis
2026-01-20 17:53:46.961 [Thread-14] INFO  com.saciar.service.ResgateService - Buscando todos os resgates
2026-01-20 17:53:46.961 [Thread-15] INFO  com.saciar.service.HttpClient - Cache hit: /prizes
2026-01-20 17:53:46.961 [Thread-14] INFO  com.saciar.service.HttpClient - GET http://localhost:8000/redeems/
2026-01-20 17:53:46.962 [JavaFX Application Thread] INFO  c.saciar.controller.MainController - View de resgates carregada
2026-01-20 17:53:46.966 [Thread-15] INFO  com.saciar.service.ResgateService - 8 prêmios encontrados
2026-01-20 17:53:46.967 [Thread-15] INFO  c.s.controller.ResgateController - 8 prêmios carregados
2026-01-20 17:53:47.015 [Thread-14] INFO  com.saciar.service.ResgateService - 8 resgates encontrados
2026-01-20 17:55:15.583 [JavaFX Application Thread] INFO  com.saciar.SaciarApplication - Iniciando aplicação SACIAR...
2026-01-20 17:55:16.525 [JavaFX Application Thread] INFO  c.saciar.controller.MainController - View de clientes carregada
2026-01-20 17:55:16.525 [Thread-2] INFO  com.saciar.service.ClienteService - Buscando todos os clientes
2026-01-20 17:55:16.567 [Thread-2] INFO  com.saciar.service.HttpClient - GET http://localhost:8000/clientes
2026-01-20 17:55:16.668 [JavaFX Application Thread] WARN  com.saciar.SaciarApplication - Ícone não encontrado
2026-01-20 17:55:16.802 [Thread-2] INFO  com.saciar.service.ClienteService - 5 clientes encontrados
2026-01-20 17:55:17.231 [JavaFX Application Thread] INFO  com.saciar.SaciarApplication - Aplicação iniciada com sucesso!
2026-01-20 17:55:19.402 [Thread-3] INFO  com.saciar.service.ResgateService - Buscando todos os resgates
2026-01-20 17:55:19.402 [Thread-4] INFO  com.saciar.service.ResgateService - Buscando prêmios disponíveis
2026-01-20 17:55:19.403 [Thread-3] INFO  com.saciar.service.HttpClient - GET http://localhost:8000/redeems/
2026-01-20 17:55:19.403 [Thread-4] INFO  com.saciar.service.HttpClient - GET http://localhost:8000/prizes
2026-01-20 17:55:19.407 [JavaFX Application Thread] INFO  c.saciar.controller.MainController - View de resgates carregada
2026-01-20 17:55:19.486 [Thread-4] INFO  com.saciar.service.ResgateService - 8 prêmios encontrados
2026-01-20 17:55:19.487 [Thread-4] INFO  c.s.controller.ResgateController - 8 prêmios carregados
2026-01-20 17:55:19.513 [Thread-3] INFO  com.saciar.service.ResgateService - 8 resgates encontrados
2026-01-20 17:55:19.868 [Thread-5] INFO  com.saciar.service.ClienteService - Buscando todos os clientes
2026-01-20 17:55:19.868 [Thread-5] INFO  com.saciar.service.HttpClient - Cache hit: /clientes
2026-01-20 17:55:19.871 [JavaFX Application Thread] INFO  c.saciar.controller.MainController - View de clientes carregada
2026-01-20 17:55:19.875 [Thread-5] INFO  com.saciar.service.ClienteService - 5 clientes encontrados
2026-01-20 17:55:28.238 [Thread-6] INFO  com.saciar.service.ClienteService - Atualizando cliente: TESTE
2026-01-20 17:55:28.248 [Thread-6] INFO  com.saciar.service.HttpClient - PUT http://localhost:8000/clientes/696fcdc674f059ba8cfef1d0
2026-01-20 17:55:28.398 [Thread-6] INFO  com.saciar.service.HttpClient - Cache invalidado para: clientes
2026-01-20 17:55:28.399 [Thread-6] INFO  com.saciar.service.ClienteService - Cliente atualizado com sucesso
2026-01-20 17:55:30.041 [Thread-7] INFO  com.saciar.service.ClienteService - Buscando todos os clientes
2026-01-20 17:55:30.042 [Thread-7] INFO  com.saciar.service.HttpClient - GET http://localhost:8000/clientes
2026-01-20 17:55:30.067 [Thread-7] INFO  com.saciar.service.ClienteService - 5 clientes encontrados
2026-01-20 17:55:32.875 [Thread-9] INFO  com.saciar.service.ResgateService - Buscando prêmios disponíveis
2026-01-20 17:55:32.875 [Thread-8] INFO  com.saciar.service.ResgateService - Buscando todos os resgates
2026-01-20 17:55:32.876 [Thread-9] INFO  com.saciar.service.HttpClient - Cache hit: /prizes
2026-01-20 17:55:32.876 [Thread-8] INFO  com.saciar.service.HttpClient - Cache hit: /redeems/
2026-01-20 17:55:32.877 [JavaFX Application Thread] INFO  c.saciar.controller.MainController - View de resgates carregada
2026-01-20 17:55:32.886 [Thread-9] INFO  com.saciar.service.ResgateService - 8 prêmios encontrados
2026-01-20 17:55:32.887 [Thread-9] INFO  c.s.controller.ResgateController - 8 prêmios carregados
2026-01-20 17:55:32.889 [Thread-8] INFO  com.saciar.service.ResgateService - 8 resgates encontrados
2026-01-20 17:55:41.106 [Thread-10] INFO  com.saciar.service.ResgateService - Registrando resgate para: 77777777777
2026-01-20 17:55:41.108 [Thread-10] INFO  com.saciar.service.HttpClient - POST http://localhost:8000/redeems/
2026-01-20 17:55:41.183 [Thread-10] INFO  com.saciar.service.HttpClient - Cache invalidado para: redeems
2026-01-20 17:55:41.190 [Thread-10] ERROR com.saciar.service.ResgateService - Campo 'redeem' não encontrado na resposta
2026-01-20 17:55:44.421 [Thread-11] INFO  com.saciar.service.ResgateService - Buscando todos os resgates
2026-01-20 17:55:44.421 [Thread-12] INFO  com.saciar.service.ResgateService - Buscando prêmios disponíveis
2026-01-20 17:55:44.421 [Thread-12] INFO  com.saciar.service.HttpClient - Cache hit: /prizes
2026-01-20 17:55:44.421 [Thread-11] INFO  com.saciar.service.HttpClient - GET http://localhost:8000/redeems/
2026-01-20 17:55:44.422 [JavaFX Application Thread] INFO  c.saciar.controller.MainController - View de resgates carregada
2026-01-20 17:55:44.427 [Thread-12] INFO  com.saciar.service.ResgateService - 8 prêmios encontrados
2026-01-20 17:55:44.429 [Thread-12] INFO  c.s.controller.ResgateController - 8 prêmios carregados
2026-01-20 17:55:44.483 [Thread-11] INFO  com.saciar.service.ResgateService - 8 resgates encontrados
2026-01-20 17:56:01.519 [Thread-13] INFO  com.saciar.service.CompraService - Buscando todas as compras
2026-01-20 17:56:01.521 [JavaFX Application Thread] INFO  c.saciar.controller.MainController - View de compras carregada
2026-01-20 17:56:01.521 [Thread-13] INFO  com.saciar.service.HttpClient - GET http://localhost:8000/purchase/
2026-01-20 17:56:01.797 [Thread-13] INFO  com.saciar.service.CompraService - 6 compras encontradas
2026-01-20 17:56:02.104 [Thread-14] INFO  com.saciar.service.ClienteService - Buscando todos os clientes
2026-01-20 17:56:02.104 [Thread-14] INFO  com.saciar.service.HttpClient - GET http://localhost:8000/clientes
2026-01-20 17:56:02.106 [JavaFX Application Thread] INFO  c.saciar.controller.MainController - View de clientes carregada
2026-01-20 17:56:02.127 [Thread-14] INFO  com.saciar.service.ClienteService - 5 clientes encontrados
2026-01-20 17:56:04.926 [Thread-15] INFO  com.saciar.service.ResgateService - Buscando todos os resgates
2026-01-20 17:56:04.926 [Thread-15] INFO  com.saciar.service.HttpClient - Cache hit: /redeems/
2026-01-20 17:56:04.926 [Thread-16] INFO  com.saciar.service.ResgateService - Buscando prêmios disponíveis
2026-01-20 17:56:04.927 [Thread-16] INFO  com.saciar.service.HttpClient - GET http://localhost:8000/prizes
2026-01-20 17:56:04.929 [JavaFX Application Thread] INFO  c.saciar.controller.MainController - View de resgates carregada
2026-01-20 17:56:04.932 [Thread-15] INFO  com.saciar.service.ResgateService - 8 resgates encontrados
2026-01-20 17:56:04.989 [Thread-16] INFO  com.saciar.service.ResgateService - 8 prêmios encontrados
2026-01-20 17:56:04.990 [Thread-16] INFO  c.s.controller.ResgateController - 8 prêmios carregados
2026-01-20 17:56:13.396 [Thread-17] INFO  com.saciar.service.ResgateService - Registrando resgate para: 77777777777
2026-01-20 17:56:13.398 [Thread-17] INFO  com.saciar.service.HttpClient - POST http://localhost:8000/redeems/
2026-01-20 17:56:13.501 [Thread-17] INFO  com.saciar.service.HttpClient - Cache invalidado para: redeems
2026-01-20 17:56:13.505 [Thread-17] INFO  com.saciar.service.ResgateService - Resgate registrado com sucesso: ID null
2026-01-20 17:56:14.640 [Thread-18] INFO  com.saciar.service.ResgateService - Buscando todos os resgates
2026-01-20 17:56:14.642 [Thread-18] INFO  com.saciar.service.HttpClient - GET http://localhost:8000/redeems/
2026-01-20 17:56:14.677 [Thread-18] INFO  com.saciar.service.ResgateService - 9 resgates encontrados
2026-01-20 18:00:11.411 [JavaFX Application Thread] INFO  com.saciar.SaciarApplication - Iniciando aplicação SACIAR...
2026-01-20 18:00:12.334 [Thread-2] INFO  com.saciar.service.ClienteService - Buscando todos os clientes
2026-01-20 18:00:12.335 [JavaFX Application Thread] INFO  c.saciar.controller.MainController - View de clientes carregada
2026-01-20 18:00:12.382 [Thread-2] INFO  com.saciar.service.HttpClient - GET http://localhost:8000/clientes
2026-01-20 18:00:12.503 [JavaFX Application Thread] WARN  com.saciar.SaciarApplication - Ícone não encontrado
2026-01-20 18:00:12.686 [Thread-2] INFO  com.saciar.service.ClienteService - 5 clientes encontrados
2026-01-20 18:00:13.134 [JavaFX Application Thread] INFO  com.saciar.SaciarApplication - Aplicação iniciada com sucesso!
2026-01-20 18:01:06.658 [Thread-3] INFO  com.saciar.service.ResgateService - Buscando todos os resgates
2026-01-20 18:01:06.659 [Thread-4] INFO  com.saciar.service.ResgateService - Buscando prêmios disponíveis
2026-01-20 18:01:06.659 [Thread-4] INFO  com.saciar.service.HttpClient - GET http://localhost:8000/prizes
2026-01-20 18:01:06.660 [Thread-3] INFO  com.saciar.service.HttpClient - GET http://localhost:8000/redeems/
2026-01-20 18:01:06.663 [JavaFX Application Thread] INFO  c.saciar.controller.MainController - View de resgates carregada
2026-01-20 18:01:06.691 [Thread-4] INFO  com.saciar.service.ResgateService - 8 prêmios encontrados
2026-01-20 18:01:06.692 [Thread-4] INFO  c.s.controller.ResgateController - 8 prêmios carregados
2026-01-20 18:01:06.715 [Thread-3] INFO  com.saciar.service.ResgateService - 9 resgates encontrados
2026-01-20 18:01:08.920 [Thread-5] INFO  com.saciar.service.ClienteService - Buscando todos os clientes
2026-01-20 18:01:08.921 [Thread-5] INFO  com.saciar.service.HttpClient - GET http://localhost:8000/clientes
2026-01-20 18:01:08.923 [JavaFX Application Thread] INFO  c.saciar.controller.MainController - View de clientes carregada
2026-01-20 18:01:08.967 [Thread-5] INFO  com.saciar.service.ClienteService - 5 clientes encontrados
2026-01-20 18:01:14.105 [Thread-6] INFO  com.saciar.service.ClienteService - Removendo cliente ID: 6928dbb7b077e4239f4720b7
2026-01-20 18:01:14.107 [Thread-6] INFO  com.saciar.service.HttpClient - DELETE http://localhost:8000/clientes/6928dbb7b077e4239f4720b7
2026-01-20 18:01:14.201 [Thread-6] INFO  com.saciar.service.HttpClient - Cache invalidado para: clientes
2026-01-20 18:01:14.202 [Thread-6] INFO  com.saciar.service.ClienteService - Cliente removido com sucesso
2026-01-20 18:01:15.033 [Thread-7] INFO  com.saciar.service.ClienteService - Buscando todos os clientes
2026-01-20 18:01:15.033 [Thread-7] INFO  com.saciar.service.HttpClient - GET http://localhost:8000/clientes
2026-01-20 18:01:15.047 [Thread-7] INFO  com.saciar.service.ClienteService - 4 clientes encontrados
2026-01-20 18:01:20.378 [Thread-8] INFO  com.saciar.service.ClienteService - Atualizando cliente: Iago
2026-01-20 18:01:20.390 [Thread-8] INFO  com.saciar.service.HttpClient - PUT http://localhost:8000/clientes/696fb2e9f8ab370297735043
2026-01-20 18:01:20.448 [Thread-8] INFO  com.saciar.service.HttpClient - Cache invalidado para: clientes
2026-01-20 18:01:20.449 [Thread-8] INFO  com.saciar.service.ClienteService - Cliente atualizado com sucesso
2026-01-20 18:01:21.405 [Thread-9] INFO  com.saciar.service.ClienteService - Buscando todos os clientes
2026-01-20 18:01:21.405 [Thread-9] INFO  com.saciar.service.HttpClient - GET http://localhost:8000/clientes
2026-01-20 18:01:21.434 [Thread-9] INFO  com.saciar.service.ClienteService - 4 clientes encontrados
2026-01-20 18:01:23.539 [Thread-10] INFO  com.saciar.service.ResgateService - Buscando todos os resgates
2026-01-20 18:01:23.540 [Thread-10] INFO  com.saciar.service.HttpClient - Cache hit: /redeems/
2026-01-20 18:01:23.540 [Thread-11] INFO  com.saciar.service.ResgateService - Buscando prêmios disponíveis
2026-01-20 18:01:23.540 [Thread-11] INFO  com.saciar.service.HttpClient - Cache hit: /prizes
2026-01-20 18:01:23.542 [JavaFX Application Thread] INFO  c.saciar.controller.MainController - View de resgates carregada
2026-01-20 18:01:23.552 [Thread-11] INFO  com.saciar.service.ResgateService - 8 prêmios encontrados
2026-01-20 18:01:23.552 [Thread-11] INFO  c.s.controller.ResgateController - 8 prêmios carregados
2026-01-20 18:01:23.553 [Thread-10] INFO  com.saciar.service.ResgateService - 9 resgates encontrados
2026-01-20 18:01:44.458 [Thread-12] INFO  com.saciar.service.ResgateService - Registrando resgate para: 11111111111
2026-01-20 18:01:44.461 [Thread-12] INFO  com.saciar.service.HttpClient - POST http://localhost:8000/redeems/
2026-01-20 18:01:44.597 [Thread-12] INFO  com.saciar.service.HttpClient - Cache invalidado para: redeems
2026-01-20 18:01:44.611 [Thread-12] INFO  com.saciar.service.ResgateService - Resgate registrado com sucesso: ID null
2026-01-20 18:01:45.772 [Thread-13] INFO  com.saciar.service.ResgateService - Buscando todos os resgates
2026-01-20 18:01:45.773 [Thread-13] INFO  com.saciar.service.HttpClient - GET http://localhost:8000/redeems/
2026-01-20 18:01:45.801 [Thread-13] INFO  com.saciar.service.ResgateService - 10 resgates encontrados
2026-01-20 18:02:52.740 [Thread-14] INFO  com.saciar.service.ResgateService - Registrando resgate para: 11111111111
2026-01-20 18:02:52.744 [Thread-14] INFO  com.saciar.service.HttpClient - POST http://localhost:8000/redeems/
2026-01-20 18:02:52.856 [Thread-14] INFO  com.saciar.service.HttpClient - Cache invalidado para: redeems
2026-01-20 18:02:52.857 [Thread-14] ERROR com.saciar.service.ResgateService - Campo 'redeem' não encontrado na resposta
2026-01-20 18:13:37.059 [JavaFX Application Thread] INFO  com.saciar.SaciarApplication - Iniciando aplicação SACIAR...
2026-01-20 18:13:38.092 [JavaFX Application Thread] INFO  c.saciar.controller.MainController - View de clientes carregada
2026-01-20 18:13:38.092 [Thread-2] INFO  com.saciar.service.ClienteService - Buscando todos os clientes
2026-01-20 18:13:38.141 [Thread-2] INFO  com.saciar.service.HttpClient - GET http://localhost:8000/clientes
2026-01-20 18:13:38.238 [JavaFX Application Thread] WARN  com.saciar.SaciarApplication - Ícone não encontrado
2026-01-20 18:13:38.462 [Thread-2] INFO  com.saciar.service.ClienteService - 4 clientes encontrados
2026-01-20 18:13:38.932 [JavaFX Application Thread] INFO  com.saciar.SaciarApplication - Aplicação iniciada com sucesso!
2026-01-20 18:13:56.787 [Thread-3] INFO  com.saciar.service.ResgateService - Buscando todos os resgates
2026-01-20 18:13:56.788 [Thread-4] INFO  com.saciar.service.ResgateService - Buscando prêmios disponíveis
2026-01-20 18:13:56.789 [Thread-3] INFO  com.saciar.service.HttpClient - GET http://localhost:8000/redeems/
2026-01-20 18:13:56.789 [Thread-4] INFO  com.saciar.service.HttpClient - GET http://localhost:8000/prizes
2026-01-20 18:13:56.795 [JavaFX Application Thread] INFO  c.saciar.controller.MainController - View de resgates carregada
2026-01-20 18:13:56.890 [Thread-4] INFO  com.saciar.service.ResgateService - 8 prêmios encontrados
2026-01-20 18:13:56.890 [Thread-4] INFO  c.s.controller.ResgateController - 8 prêmios carregados
2026-01-20 18:13:56.926 [Thread-3] INFO  com.saciar.service.ResgateService - 10 resgates encontrados
2026-01-20 18:13:58.993 [Thread-5] INFO  com.saciar.service.ClienteService - Buscando todos os clientes
2026-01-20 18:13:58.994 [Thread-5] INFO  com.saciar.service.HttpClient - Cache hit: /clientes
2026-01-20 18:13:58.996 [JavaFX Application Thread] INFO  c.saciar.controller.MainController - View de clientes carregada
2026-01-20 18:13:59.006 [Thread-5] INFO  com.saciar.service.ClienteService - 4 clientes encontrados
2026-01-20 18:13:59.619 [Thread-7] INFO  com.saciar.service.ResgateService - Buscando prêmios disponíveis
2026-01-20 18:13:59.619 [Thread-6] INFO  com.saciar.service.ResgateService - Buscando todos os resgates
2026-01-20 18:13:59.619 [Thread-7] INFO  com.saciar.service.HttpClient - Cache hit: /prizes
2026-01-20 18:13:59.620 [Thread-6] INFO  com.saciar.service.HttpClient - Cache hit: /redeems/
2026-01-20 18:13:59.622 [JavaFX Application Thread] INFO  c.saciar.controller.MainController - View de resgates carregada
2026-01-20 18:13:59.627 [Thread-7] INFO  com.saciar.service.ResgateService - 8 prêmios encontrados
2026-01-20 18:13:59.628 [Thread-7] INFO  c.s.controller.ResgateController - 8 prêmios carregados
2026-01-20 18:13:59.634 [Thread-6] INFO  com.saciar.service.ResgateService - 10 resgates encontrados
2026-01-20 18:14:11.064 [Thread-8] INFO  com.saciar.service.ResgateService - Registrando resgate para: 11111111111
2026-01-20 18:14:11.077 [Thread-8] INFO  com.saciar.service.HttpClient - POST http://localhost:8000/redeems/
2026-01-20 18:14:11.184 [Thread-8] INFO  com.saciar.service.HttpClient - Cache invalidado para: redeems
2026-01-20 18:14:11.189 [Thread-8] WARN  com.saciar.service.ResgateService - Resgate não permitido: Pontos insuficientes. Você tem 0 pontos e precisa de 10
2026-01-20 18:15:11.866 [Thread-9] INFO  com.saciar.service.CompraService - Buscando todas as compras
2026-01-20 18:15:11.867 [Thread-9] INFO  com.saciar.service.HttpClient - GET http://localhost:8000/purchase/
2026-01-20 18:15:11.868 [JavaFX Application Thread] INFO  c.saciar.controller.MainController - View de compras carregada
2026-01-20 18:15:11.973 [Thread-9] INFO  com.saciar.service.CompraService - 6 compras encontradas
2026-01-20 18:15:24.652 [Thread-10] INFO  com.saciar.service.CompraService - Criando compra de R$ 30.0
2026-01-20 18:15:24.657 [Thread-10] INFO  com.saciar.service.HttpClient - POST http://localhost:8000/purchase
2026-01-20 18:15:24.786 [Thread-10] INFO  com.saciar.service.HttpClient - Cache invalidado para: purchase
2026-01-20 18:15:24.793 [Thread-10] ERROR com.saciar.service.CompraService - Erro ao converter compra: Unrecognized field "created" (class com.saciar.model.Compra), not marked as ignorable (8 known properties: "valor", "is_delivery", "cliente", "id", "pontos_ganhos", "telefone", "data", "created_at"])
 at [Source: UNKNOWN; byte offset: #UNKNOWN] (through reference chain: com.saciar.model.Compra["created"])
2026-01-20 18:16:43.994 [Thread-11] INFO  com.saciar.service.CompraService - Buscando todas as compras
2026-01-20 18:16:43.995 [JavaFX Application Thread] INFO  c.saciar.controller.MainController - View de compras carregada
2026-01-20 18:16:43.995 [Thread-11] INFO  com.saciar.service.HttpClient - GET http://localhost:8000/purchase/
2026-01-20 18:16:44.068 [Thread-11] INFO  com.saciar.service.CompraService - 7 compras encontradas
2026-01-20 18:17:48.119 [Thread-12] INFO  com.saciar.service.CompraService - Criando compra de R$ 4.0
2026-01-20 18:17:48.127 [Thread-12] INFO  com.saciar.service.HttpClient - POST http://localhost:8000/purchase
2026-01-20 18:17:48.289 [Thread-12] INFO  com.saciar.service.HttpClient - Cache invalidado para: purchase
2026-01-20 18:17:48.291 [Thread-12] ERROR com.saciar.service.CompraService - Erro ao converter compra: Unrecognized field "created" (class com.saciar.model.Compra), not marked as ignorable (8 known properties: "valor", "is_delivery", "cliente", "id", "pontos_ganhos", "telefone", "data", "created_at"])
 at [Source: UNKNOWN; byte offset: #UNKNOWN] (through reference chain: com.saciar.model.Compra["created"])
2026-01-20 18:18:02.772 [Thread-13] INFO  com.saciar.service.CompraService - Buscando todas as compras
2026-01-20 18:18:02.773 [JavaFX Application Thread] INFO  c.saciar.controller.MainController - View de compras carregada
2026-01-20 18:18:02.773 [Thread-13] INFO  com.saciar.service.HttpClient - GET http://localhost:8000/purchase/
2026-01-20 18:18:02.893 [Thread-13] INFO  com.saciar.service.CompraService - 8 compras encontradas
2026-01-20 18:21:00.875 [JavaFX Application Thread] INFO  com.saciar.SaciarApplication - Iniciando aplicação SACIAR...
2026-01-20 18:21:01.947 [Thread-2] INFO  com.saciar.service.ClienteService - Buscando todos os clientes
2026-01-20 18:21:01.948 [JavaFX Application Thread] INFO  c.saciar.controller.MainController - View de clientes carregada
2026-01-20 18:21:01.996 [Thread-2] INFO  com.saciar.service.HttpClient - GET http://localhost:8000/clientes
2026-01-20 18:21:02.135 [JavaFX Application Thread] WARN  com.saciar.SaciarApplication - Ícone não encontrado
2026-01-20 18:21:02.329 [Thread-2] INFO  com.saciar.service.ClienteService - 4 clientes encontrados
2026-01-20 18:21:02.905 [JavaFX Application Thread] INFO  com.saciar.SaciarApplication - Aplicação iniciada com sucesso!
2026-01-20 18:21:07.080 [Thread-3] INFO  com.saciar.service.CompraService - Buscando todas as compras
2026-01-20 18:21:07.081 [Thread-3] INFO  com.saciar.service.HttpClient - GET http://localhost:8000/purchase/
2026-01-20 18:21:07.086 [JavaFX Application Thread] INFO  c.saciar.controller.MainController - View de compras carregada
2026-01-20 18:21:07.154 [Thread-3] INFO  com.saciar.service.CompraService - 8 compras encontradas
2026-01-20 18:21:11.030 [Thread-4] INFO  com.saciar.service.CompraService - Criando compra de R$ 21.0
2026-01-20 18:21:11.044 [Thread-4] INFO  com.saciar.service.HttpClient - POST http://localhost:8000/purchase
2026-01-20 18:21:11.204 [Thread-4] INFO  com.saciar.service.HttpClient - Cache invalidado para: purchase
2026-01-20 18:21:11.221 [Thread-4] ERROR com.saciar.service.CompraService - Erro ao converter compra: Unrecognized field "created" (class com.saciar.model.Compra), not marked as ignorable (8 known properties: "valor", "is_delivery", "cliente", "id", "pontos_ganhos", "telefone", "data", "created_at"])
 at [Source: UNKNOWN; byte offset: #UNKNOWN] (through reference chain: com.saciar.model.Compra["created"])
2026-01-20 18:21:15.219 [Thread-5] INFO  com.saciar.service.CompraService - Buscando todas as compras
2026-01-20 18:21:15.220 [Thread-5] INFO  com.saciar.service.HttpClient - GET http://localhost:8000/purchase/
2026-01-20 18:21:15.221 [JavaFX Application Thread] INFO  c.saciar.controller.MainController - View de compras carregada
2026-01-20 18:21:15.283 [Thread-5] INFO  com.saciar.service.CompraService - 9 compras encontradas
